-- phpMyAdmin SQL Dump
-- version 4.9.5deb2
-- https://www.phpmyadmin.net/
--
-- Хост: localhost:3306
-- Час створення: Чрв 02 2023 р., 10:42
-- Версія сервера: 5.7.38
-- Версія PHP: 7.4.33

SET SQL_MODE = "NO_AUTO_VALUE_ON_ZERO";
SET AUTOCOMMIT = 0;
START TRANSACTION;
SET time_zone = "+00:00";


/*!40101 SET @OLD_CHARACTER_SET_CLIENT=@@CHARACTER_SET_CLIENT */;
/*!40101 SET @OLD_CHARACTER_SET_RESULTS=@@CHARACTER_SET_RESULTS */;
/*!40101 SET @OLD_COLLATION_CONNECTION=@@COLLATION_CONNECTION */;
/*!40101 SET NAMES utf8mb4 */;

--
-- База даних: `studel`
--

-- --------------------------------------------------------

--
-- Структура таблиці `admins`
--

CREATE TABLE `admins` (
  `id` bigint(20) UNSIGNED NOT NULL,
  `name` varchar(255) COLLATE utf8mb4_unicode_ci NOT NULL,
  `email` varchar(255) COLLATE utf8mb4_unicode_ci NOT NULL,
  `email_verified_at` timestamp NULL DEFAULT NULL,
  `password` varchar(255) COLLATE utf8mb4_unicode_ci NOT NULL,
  `remember_token` varchar(100) COLLATE utf8mb4_unicode_ci DEFAULT NULL,
  `created_at` timestamp NULL DEFAULT NULL,
  `updated_at` timestamp NULL DEFAULT NULL
) ENGINE=InnoDB DEFAULT CHARSET=utf8mb4 COLLATE=utf8mb4_unicode_ci;

--
-- Дамп даних таблиці `admins`
--

INSERT INTO `admins` (`id`, `name`, `email`, `email_verified_at`, `password`, `remember_token`, `created_at`, `updated_at`) VALUES
(1, 'Admin', 'admin@gmail.com', NULL, '$2y$10$t873zGurbXPmxsoo.RZc5OhqPBVp3gXw39ouPcZm0vAWK07J2pnam', 'xkSGAAtDiykkaaloLtV8fhFJRXbKk70WLnhxQbGHvCUmzeAx0ZlgoNLcgVnE', NULL, NULL);

-- --------------------------------------------------------

--
-- Структура таблиці `applications`
--

CREATE TABLE `applications` (
  `id` bigint(20) UNSIGNED NOT NULL,
  `image` varchar(255) COLLATE utf8mb4_unicode_ci NOT NULL,
  `email` varchar(255) COLLATE utf8mb4_unicode_ci NOT NULL,
  `password` varchar(255) COLLATE utf8mb4_unicode_ci NOT NULL,
  `fullname` varchar(255) COLLATE utf8mb4_unicode_ci NOT NULL,
  `birth` date NOT NULL,
  `sex` enum('чоловіча','жіноча') COLLATE utf8mb4_unicode_ci NOT NULL,
  `group_id` bigint(20) UNSIGNED NOT NULL,
  `entry_date` date NOT NULL,
  `graduation_date` date NOT NULL,
  `educational_degree` enum('бакалавр','магістр','аспірант') COLLATE utf8mb4_unicode_ci NOT NULL,
  `employment_status` tinyint(1) NOT NULL,
  `experience` double(8,2) UNSIGNED NOT NULL,
  `off_experience` double(8,2) UNSIGNED NOT NULL,
  `field` varchar(255) COLLATE utf8mb4_unicode_ci NOT NULL,
  `position` varchar(255) COLLATE utf8mb4_unicode_ci NOT NULL,
  `level` enum('intern','junior','strong junior','middle','strong middle','senior') COLLATE utf8mb4_unicode_ci NOT NULL,
  `eng_level` enum('A1','A2','B1','B2','C1','C2') COLLATE utf8mb4_unicode_ci NOT NULL,
  `created_at` timestamp NULL DEFAULT NULL,
  `updated_at` timestamp NULL DEFAULT NULL
) ENGINE=InnoDB DEFAULT CHARSET=utf8mb4 COLLATE=utf8mb4_unicode_ci;

--
-- Дамп даних таблиці `applications`
--

INSERT INTO `applications` (`id`, `image`, `email`, `password`, `fullname`, `birth`, `sex`, `group_id`, `entry_date`, `graduation_date`, `educational_degree`, `employment_status`, `experience`, `off_experience`, `field`, `position`, `level`, `eng_level`, `created_at`, `updated_at`) VALUES
(2, '7FpgyiKa7y6qMwKOCgbnNyyTkTtLcQamUZRjCRKs.png', 'siii@gmail.com', '$2y$10$PGZrUYT6JHKX22wjcIX1sunvI8YrTLIhPK/4Wef9WnSDqy7RGF5Ii', 'Meret Rebek Bashat', '2002-03-03', 'чоловіча', 11, '2020-09-01', '2022-03-04', 'магістр', 1, 3.00, 1.00, 'напрямок', 'посада', 'strong junior', 'B1', '2023-05-29 07:09:47', '2023-05-29 07:09:47'),
(3, 'rIDAXyldsR2yEqOaHE8fUfVwG5XD1uUEU9HOUD8S.png', 'bravos@gmail.com', '$2y$10$0QmV3kbDYlOpn/TfhT3Z3uSEMi2UAVofoIfU67RtCQ/ROeMGleSqi', 'Bravo Bravo Bravo', '2000-09-04', 'чоловіча', 3, '2016-09-01', '2020-06-30', 'бакалавр', 0, 4.00, 2.00, 'напрямок', 'посада', 'middle', 'B2', '2023-05-29 07:12:44', '2023-05-29 07:12:44'),
(4, 'JY8q8n9nPZO7YlU3CT0Teo8Ipq4ed5z4pyAbemcT.png', 'wferjge@wefi.wef', '$2y$10$qCfcucDyR76X.sdkRI2K3.nbkr41XzcY2.GmjlDKKhbcppZJ8LDii', 'werfrgt wert wertghy', '2023-05-18', 'жіноча', 8, '2023-05-18', '2023-05-31', 'бакалавр', 1, 3.00, 2.00, 'напрямок', 'посада', 'middle', 'B2', '2023-05-29 07:13:56', '2023-05-29 07:13:56'),
(5, '2rtxiSWuNf8u5kh22cGt5wZKYpg7aTWE9JipozAm.png', 'weferg@wfergm.erg', '$2y$10$t1EJACcl7HIQ3.FTWOKIRuM/EaRwl3bYouSe9Oq.sr8sfB9pZtXne', 'retgh ergery erhghhy', '2023-05-18', 'чоловіча', 7, '2023-05-01', '2023-05-31', 'бакалавр', 0, 4.00, 2.00, 'напрямок', 'посада', 'middle', 'B1', '2023-05-29 07:15:02', '2023-05-29 07:15:02'),
(6, 'xVdgsYZysblH0us0LEVT24pd7aAcofvCIGMNBCdL.png', 'ertbgvfcd@etrnhb.tgn', '$2y$10$BTCSD176qmD9.5QddplZFeqdBh1TKizv75JfgWHhMKsLz1WgxLXRu', 'defrgt wret ergthy', '2023-05-05', 'жіноча', 4, '2023-05-01', '2023-05-13', 'магістр', 0, 4.00, 2.00, 'напрямок', 'посада', 'strong junior', 'B1', '2023-05-29 07:15:45', '2023-05-29 07:15:45');

-- --------------------------------------------------------

--
-- Структура таблиці `boosts`
--

CREATE TABLE `boosts` (
  `id` bigint(20) UNSIGNED NOT NULL,
  `student_id` bigint(20) UNSIGNED NOT NULL,
  `subject_id` bigint(20) UNSIGNED NOT NULL,
  `status` tinyint(1) NOT NULL,
  `link` text COLLATE utf8mb4_unicode_ci NOT NULL,
  `title` varchar(255) COLLATE utf8mb4_unicode_ci NOT NULL,
  `created_at` timestamp NULL DEFAULT NULL,
  `updated_at` timestamp NULL DEFAULT NULL
) ENGINE=InnoDB DEFAULT CHARSET=utf8mb4 COLLATE=utf8mb4_unicode_ci;

--
-- Дамп даних таблиці `boosts`
--

INSERT INTO `boosts` (`id`, `student_id`, `subject_id`, `status`, `link`, `title`, `created_at`, `updated_at`) VALUES
(1, 1, 5, 1, 'https://library.kre.dp.ua/Books/2-4%20kurs/%D0%9E%D1%81%D0%BD%D0%BE%D0%B2%D0%B8%20%D0%BF%D1%80%D0%BE%D0%B3%D1%80%D0%B0%D0%BC%D1%83%D0%B2%D0%B0%D0%BD%D0%BD%D1%8F/%D0%A2%D1%80%D0%BE%D1%84%D0%B8%D0%BC%D0%B5%D0%BD%D0%BA%D0%BE_%D0%A1%2B%2B_%20%D0%BE%D1%81%D0%BD%D0%BE%D0%B2%D0%B8_%D0%BF%D1%80%D0%BE%D0%B3%D1%80%D0%B0%D0%BC%D1%83%D0%B2%D0%B0%D0%BD%D0%BD%D1%8F_%D0%A2%D0%B5%D0%BE%D1%80%D1%96%D1%8F%20%D1%82%D0%B0%20%D0%BF%D1%80%D0%B0%D0%BA%D1%82%D0%B8%D0%BA%D0%B0_%D0%9E%D0%B4%D0%B5%D1%81%D0%B0_2010.pdf', 'Основи програмування. Теорія та практика', '2023-05-26 15:04:40', '2023-05-26 17:58:10'),
(2, 1, 5, 0, 'https://ela.kpi.ua/bitstream/123456789/25111/1/Python.pdf', 'Основи програмування. Python. Частина 1', '2023-05-26 15:04:40', '2023-05-26 15:04:40'),
(3, 1, 45, 0, 'https://razumkov.org.ua/uploads/other/2021-SMART-%D0%A1YTI-SITE.pdf', 'Smart-інфраструктура у сталому розвитку міст: світовий досвід ...', '2023-05-26 15:04:41', '2023-05-26 15:04:41'),
(4, 1, 45, 1, 'http://math.mdu.edu.ua/wp-content/uploads/2021/02/programuvannya-robototehnichnih_sistem_5_kn.pdf', 'МІНІСТЕРСТВО ОСВІТИ І НАУКИ УКРАЇНИ', '2023-05-26 15:04:41', '2023-05-27 16:20:43'),
(5, 1, 26, 1, 'https://ida.vntu.edu.ua/wp-content/uploads/2023/04/122.pdf', 'Untitled', '2023-05-26 15:04:42', '2023-05-26 17:58:17'),
(6, 1, 26, 0, 'http://apeps.kpi.ua/downloads/%D0%90%D0%A0%D0%A5%D0%86%D0%A2%D0%95%D0%9A%D0%A2%D0%A3%D0%A0%D0%90%20%D0%A1%D0%98%D0%A1%D0%A2%D0%95%D0%9C%D0%9D%D0%9E%D0%93%D0%9E%20%D0%9F%D0%A0%D0%9E%D0%93%D0%A0%D0%90%D0%9C%D0%9D%D0%9E%D0%93%D0%9E%20%D0%97%D0%90%D0%91%D0%95%D0%97%D0%9F%D0%95%D0%A7%D0%95%D0%9D%D0%9D%D0%AF.pdf', 'АРХІТЕКТУРА СИСТЕМНОГО ПРОГРАМНОГО ЗАБЕЗПЕЧЕННЯ', '2023-05-26 15:04:42', '2023-05-26 15:04:42'),
(19, 6, 2, 0, 'http://pdf.lib.vntu.edu.ua/books/2015/Dorogovtsev_P1_1993_320.pdf', 'математичний - аналіз', '2023-05-29 04:02:48', '2023-05-29 04:02:48'),
(20, 6, 2, 0, 'http://library.vspu.edu.ua/repozitarij/repozit/texti/navchalni/Matanaliz.pdf', 'МАТЕМАТИЧНИЙ АНАЛIЗ', '2023-05-29 04:02:48', '2023-05-29 04:02:48'),
(21, 6, 12, 0, 'https://ela.kpi.ua/handle/123456789/38101', 'Розробка та аналіз вимог до програмного забезпечення ... - ELAKPI', '2023-05-29 04:02:49', '2023-05-29 04:02:49'),
(22, 6, 12, 0, 'http://cyb.univ.kiev.ua/library/books/lavrishcheva-6.pdf', 'Програмна інженерія', '2023-05-29 04:02:49', '2023-05-29 04:02:49'),
(23, 6, 23, 0, 'http://www.mechmat.univ.kiev.ua/wp-content/uploads/2021/09/pidruchnyk-alhorytmy-i-struktury-danykh.pdf', 'Андрій Креневич - АЛГОРИТМИ І СТРУКТУРИ ДАНИХ', '2023-05-29 04:02:50', '2023-05-29 04:02:50'),
(24, 6, 23, 0, 'http://xn--e1ajqk.kiev.ua/wp-content/uploads/2019/12/Korot-va-2014.pdf', 'Алгоритми та структури даних', '2023-05-29 04:02:50', '2023-05-29 04:02:50');

-- --------------------------------------------------------

--
-- Структура таблиці `experiences`
--

CREATE TABLE `experiences` (
  `id` bigint(20) UNSIGNED NOT NULL,
  `user_id` bigint(20) UNSIGNED NOT NULL,
  `employment_status` tinyint(1) NOT NULL,
  `experience` double(8,2) UNSIGNED NOT NULL,
  `off_experience` double(8,2) UNSIGNED NOT NULL,
  `field` varchar(255) COLLATE utf8mb4_unicode_ci NOT NULL,
  `position` varchar(255) COLLATE utf8mb4_unicode_ci NOT NULL,
  `level` enum('intern','junior','strong junior','middle','strong middle','senior') COLLATE utf8mb4_unicode_ci NOT NULL,
  `eng_level` enum('A1','A2','B1','B2','C1','C2') COLLATE utf8mb4_unicode_ci NOT NULL,
  `created_at` timestamp NULL DEFAULT NULL,
  `updated_at` timestamp NULL DEFAULT NULL
) ENGINE=InnoDB DEFAULT CHARSET=utf8mb4 COLLATE=utf8mb4_unicode_ci;

--
-- Дамп даних таблиці `experiences`
--

INSERT INTO `experiences` (`id`, `user_id`, `employment_status`, `experience`, `off_experience`, `field`, `position`, `level`, `eng_level`, `created_at`, `updated_at`) VALUES
(1, 1, 2, 1.50, 0.00, 'Web-development', 'Magento developer', 'junior', 'B2', '2023-05-11 11:07:04', '2023-05-17 00:42:02'),
(14, 10, 1, 1.00, 1.00, 'Field 3', 'Position 4', 'senior', 'C2', '2023-05-16 20:33:21', '2023-05-21 09:10:47'),
(15, 8, 0, 3.00, 5.00, 'Field 1', 'Position 3', 'intern', 'A2', '2023-05-16 20:33:21', '2023-05-16 20:33:21'),
(16, 5, 0, 7.00, 1.00, 'Field 2', 'Position 2', 'senior', 'B2', '2023-05-16 20:33:21', '2023-05-21 09:11:06'),
(17, 4, 0, 1.00, 2.00, 'Field 3', 'Position 4', 'strong junior', 'B2', '2023-05-16 20:33:21', '2023-05-16 20:33:21'),
(18, 3, 0, 4.00, 5.00, 'Field 4', 'Position 2', 'strong junior', 'A1', '2023-05-16 20:33:21', '2023-05-21 09:10:37'),
(22, 7, 0, 10.00, 5.00, 'Field 3', 'Position 5', 'junior', 'A2', '2023-05-16 20:33:33', '2023-05-16 20:33:33'),
(35, 6, 0, 5.00, 2.00, 'Field 4', 'Position 4', 'intern', 'C2', '2023-05-16 20:34:01', '2023-05-16 20:34:01'),
(40, 41, 1, 4.00, 2.00, 'qwer', 'wfergth', 'strong junior', 'C1', '2023-05-21 10:51:04', '2023-05-21 10:51:04'),
(41, 42, 1, 3.00, 2.00, 'wdefrg', 'qwert', 'middle', 'B1', '2023-05-21 12:20:17', '2023-05-21 12:20:17'),
(42, 43, 1, 5.00, 4.00, 'wdefrg', 'wfergth', 'senior', 'B2', '2023-05-24 09:46:04', '2023-05-28 12:50:32'),
(43, 44, 1, 5.00, 3.00, 'wdefrg', 'rewt', 'strong middle', 'B2', '2023-05-29 04:14:33', '2023-05-29 04:14:33'),
(46, 48, 1, 5.00, 3.00, 'напрямок', 'посада', 'middle', 'B2', '2023-05-29 07:54:11', '2023-05-29 07:54:11');

-- --------------------------------------------------------

--
-- Структура таблиці `faculties`
--

CREATE TABLE `faculties` (
  `id` bigint(20) UNSIGNED NOT NULL,
  `university_id` bigint(20) UNSIGNED NOT NULL,
  `name` varchar(255) COLLATE utf8mb4_unicode_ci NOT NULL,
  `fullname` varchar(255) COLLATE utf8mb4_unicode_ci NOT NULL,
  `created_at` timestamp NULL DEFAULT NULL,
  `updated_at` timestamp NULL DEFAULT NULL
) ENGINE=InnoDB DEFAULT CHARSET=utf8mb4 COLLATE=utf8mb4_unicode_ci;

--
-- Дамп даних таблиці `faculties`
--

INSERT INTO `faculties` (`id`, `university_id`, `name`, `fullname`, `created_at`, `updated_at`) VALUES
(1, 1, 'ІСЗЗІ', 'Інститут спеціального зв\'язку та захисту інформації', '2023-05-10 21:00:00', '2023-05-25 11:22:00'),
(2, 1, 'НН ВПІ', 'Навчально-науковий видавничо-полiграфiчний інститут', '2023-05-11 07:38:11', '2023-05-11 07:38:11'),
(3, 1, 'НН ІАТ', 'Навчально-науковий інститут аерокосмічних технологій', '2023-05-11 07:54:50', '2023-05-11 07:54:50'),
(4, 1, 'НН ІАТЕ', 'Навчально-науковий інститут атомної та теплової енергетики', '2023-05-11 07:54:50', '2023-05-11 07:54:50'),
(5, 1, 'НН ІЕЕ', 'Навчально-науковий інститут енергозбереження та енергоменеджменту', '2023-05-11 07:54:50', '2023-05-11 07:54:50'),
(6, 1, 'НН ІМЗ', 'Навчально-науковий інститут матеріалознавства та зварювання ім. Є.О. Патона', '2023-05-11 07:54:50', '2023-05-11 07:54:50'),
(7, 1, 'НН ІПСА', 'Навчально-науковий інститут прикладного системного аналiзу', '2023-05-11 07:54:50', '2023-05-11 07:54:50'),
(8, 1, 'НН ІТС', 'Навчально-науковий інститут телекомунiкацiйних систем', '2023-05-11 07:54:50', '2023-05-11 07:54:50'),
(9, 1, 'НН ММІ', 'Навчально-науковий механiко-машинобудiвний iнститут', '2023-05-11 07:54:50', '2023-05-11 07:54:50'),
(10, 1, 'НН ФТІ', 'Навчально-науковий фiзико-технiчний iнститут', '2023-05-11 07:54:50', '2023-05-11 07:54:50'),
(11, 1, 'ІПО', 'Інститут післядипломної освіти', '2023-05-11 07:54:50', '2023-05-11 07:54:50'),
(12, 1, 'ННЦ ІМЯО', 'Навчально-науковий центр інноваційного моніторингу якості освіти', '2023-05-11 07:54:50', '2023-05-11 07:54:50'),
(13, 1, 'СУНЦМ', 'Спільний Українсько-німецький центр машинобудування', '2023-05-11 07:54:50', '2023-05-11 07:54:50'),
(14, 1, 'ІХФ', 'Інженерно-хiмiчний факультет', '2023-05-11 07:54:50', '2023-05-11 07:54:50'),
(15, 1, 'ПБФ', 'Приладобудiвний факультет', '2023-05-11 07:54:50', '2023-05-11 07:54:50'),
(16, 1, 'РТФ', 'Радiотехнiчний факультет', '2023-05-11 07:54:50', '2023-05-11 07:54:50'),
(17, 1, 'ФБМІ', 'Факультет біомедичної інженерії', '2023-05-11 07:54:50', '2023-05-11 07:54:50'),
(18, 1, 'ФБТ', 'Факультет бiотехнологiї i бiотехнiки', '2023-05-11 07:54:50', '2023-05-11 07:54:50'),
(19, 1, 'ФЕА', 'Факультет електроенерготехнiки та автоматики', '2023-05-11 07:54:50', '2023-05-11 07:54:50'),
(20, 1, 'ФЕЛ', 'Факультет електронiки', '2023-05-11 07:54:50', '2023-05-11 07:54:50'),
(21, 1, 'ФІОТ', 'Факультет iнформатики та обчислювальної технiки', '2023-05-11 07:54:50', '2023-05-11 07:54:50'),
(22, 1, 'ФЛ', 'Факультет лiнгвiстики', '2023-05-11 07:54:50', '2023-05-11 07:54:50'),
(23, 1, 'ФММ', 'Факультет менеджменту та маркетингу', '2023-05-11 07:54:50', '2023-05-11 07:54:50'),
(24, 1, 'ФСП', 'Факультет соціології і права', '2023-05-11 07:54:50', '2023-05-11 07:54:50'),
(25, 1, 'ФПМ', 'Факультет прикладної математики', '2023-05-11 07:54:50', '2023-05-11 07:54:50'),
(26, 1, 'ФМФ', 'Фiзико-математичний факультет', '2023-05-11 07:54:50', '2023-05-11 07:54:50'),
(27, 1, 'ХТФ', 'Хiмiко-технологiчний факультет', '2023-05-11 07:54:50', '2023-05-11 07:54:50'),
(28, 1, 'SI', 'SUUUIIIIIIII', '2023-05-25 11:32:52', '2023-05-25 11:32:52');

-- --------------------------------------------------------

--
-- Структура таблиці `failed_jobs`
--

CREATE TABLE `failed_jobs` (
  `id` bigint(20) UNSIGNED NOT NULL,
  `uuid` varchar(255) COLLATE utf8mb4_unicode_ci NOT NULL,
  `connection` text COLLATE utf8mb4_unicode_ci NOT NULL,
  `queue` text COLLATE utf8mb4_unicode_ci NOT NULL,
  `payload` longtext COLLATE utf8mb4_unicode_ci NOT NULL,
  `exception` longtext COLLATE utf8mb4_unicode_ci NOT NULL,
  `failed_at` timestamp NOT NULL DEFAULT CURRENT_TIMESTAMP
) ENGINE=InnoDB DEFAULT CHARSET=utf8mb4 COLLATE=utf8mb4_unicode_ci;

-- --------------------------------------------------------

--
-- Структура таблиці `groups`
--

CREATE TABLE `groups` (
  `id` bigint(20) UNSIGNED NOT NULL,
  `specialty_id` bigint(20) UNSIGNED NOT NULL,
  `name` varchar(255) COLLATE utf8mb4_unicode_ci NOT NULL,
  `created_at` timestamp NULL DEFAULT NULL,
  `updated_at` timestamp NULL DEFAULT NULL
) ENGINE=InnoDB DEFAULT CHARSET=utf8mb4 COLLATE=utf8mb4_unicode_ci;

--
-- Дамп даних таблиці `groups`
--

INSERT INTO `groups` (`id`, `specialty_id`, `name`, `created_at`, `updated_at`) VALUES
(1, 16, 'ТВ-91', '2023-05-11 11:02:13', '2023-05-11 11:02:13'),
(2, 6, 'ПР-17', '2023-05-16 20:15:15', '2023-05-24 15:10:25'),
(3, 1, 'ТК-23', '2023-05-16 20:15:15', '2023-05-16 20:15:15'),
(4, 2, 'НГ-67', '2023-05-16 20:15:15', '2023-05-16 20:15:15'),
(5, 2, 'СП-54', '2023-05-16 20:15:15', '2023-05-16 20:15:15'),
(6, 3, 'ДЖ-45', '2023-05-16 20:15:15', '2023-05-16 20:15:15'),
(7, 3, 'АН-11', '2023-05-16 20:15:15', '2023-05-16 20:15:15'),
(8, 4, 'ОП-94', '2023-05-16 20:15:15', '2023-05-16 20:15:15'),
(9, 4, 'ЛД-23', '2023-05-16 20:15:15', '2023-05-24 13:59:37'),
(11, 9, 'ТР-17', '2023-05-24 17:29:41', '2023-05-24 17:29:41');

-- --------------------------------------------------------

--
-- Структура таблиці `marks`
--

CREATE TABLE `marks` (
  `id` bigint(20) UNSIGNED NOT NULL,
  `student_id` bigint(20) UNSIGNED NOT NULL,
  `subject_id` bigint(20) UNSIGNED NOT NULL,
  `semester` smallint(5) UNSIGNED NOT NULL,
  `mark` smallint(5) UNSIGNED NOT NULL,
  `created_at` timestamp NULL DEFAULT NULL,
  `updated_at` timestamp NULL DEFAULT NULL
) ENGINE=InnoDB DEFAULT CHARSET=utf8mb4 COLLATE=utf8mb4_unicode_ci;

--
-- Дамп даних таблиці `marks`
--

INSERT INTO `marks` (`id`, `student_id`, `subject_id`, `semester`, `mark`, `created_at`, `updated_at`) VALUES
(1, 1, 1, 1, 85, '2023-05-12 17:50:13', '2023-05-12 17:50:13'),
(2, 1, 2, 1, 87, '2023-05-12 17:50:13', '2023-05-12 17:50:13'),
(3, 1, 5, 1, 77, '2023-05-12 17:54:52', '2023-05-12 17:54:52'),
(4, 1, 3, 1, 92, '2023-05-12 17:54:52', '2023-05-12 17:54:52'),
(5, 1, 4, 1, 92, '2023-05-12 17:54:52', '2023-05-12 17:54:52'),
(6, 1, 5, 2, 89, '2023-05-12 17:54:52', '2023-05-12 17:54:52'),
(7, 1, 2, 2, 98, '2023-05-12 17:54:52', '2023-05-12 17:54:52'),
(8, 1, 6, 2, 95, '2023-05-12 17:54:52', '2023-05-12 17:54:52'),
(9, 1, 7, 2, 90, '2023-05-12 17:54:52', '2023-05-12 17:54:52'),
(11, 1, 1, 2, 100, '2023-05-12 17:54:52', '2023-05-12 17:54:52'),
(12, 1, 9, 2, 92, '2023-05-12 17:54:52', '2023-05-12 17:54:52'),
(13, 1, 10, 2, 95, '2023-05-12 17:54:52', '2023-05-12 17:54:52'),
(14, 1, 11, 3, 92, '2023-05-12 18:02:04', '2023-05-12 18:02:04'),
(15, 1, 13, 3, 92, '2023-05-12 18:02:04', '2023-05-12 18:02:04'),
(16, 1, 12, 3, 92, '2023-05-12 18:02:04', '2023-05-12 18:02:04'),
(17, 1, 14, 3, 95, '2023-05-12 18:02:04', '2023-05-12 18:02:04'),
(18, 1, 15, 3, 98, '2023-05-12 18:02:04', '2023-05-12 18:02:04'),
(19, 1, 16, 3, 99, '2023-05-12 18:02:04', '2023-05-12 18:02:04'),
(20, 1, 17, 3, 90, '2023-05-12 18:02:04', '2023-05-12 18:02:04'),
(21, 1, 18, 4, 91, '2023-05-12 18:02:04', '2023-05-12 18:02:04'),
(22, 1, 19, 4, 98, '2023-05-12 18:02:04', '2023-05-12 18:02:04'),
(23, 1, 20, 4, 96, '2023-05-12 18:02:04', '2023-05-12 18:02:04'),
(24, 1, 21, 4, 91, '2023-05-12 18:02:04', '2023-05-12 18:02:04'),
(25, 1, 22, 4, 100, '2023-05-12 18:02:04', '2023-05-12 18:02:04'),
(26, 1, 23, 4, 94, '2023-05-12 18:02:04', '2023-05-12 18:02:04'),
(27, 1, 7, 4, 95, '2023-05-12 18:02:04', '2023-05-12 18:02:04'),
(28, 1, 10, 4, 95, '2023-05-12 18:02:04', '2023-05-12 18:02:04'),
(29, 1, 24, 4, 100, '2023-05-12 18:02:04', '2023-05-12 18:02:04'),
(30, 1, 25, 5, 85, '2023-05-12 18:04:00', '2023-05-12 18:04:00'),
(31, 1, 47, 5, 95, '2023-05-12 18:11:24', '2023-05-12 18:11:24'),
(32, 1, 23, 5, 95, '2023-05-12 18:11:24', '2023-05-12 18:11:24'),
(33, 1, 26, 5, 81, '2023-05-12 18:11:24', '2023-05-12 18:11:24'),
(34, 1, 27, 5, 100, '2023-05-12 18:11:24', '2023-05-12 18:11:24'),
(35, 1, 28, 5, 90, '2023-05-12 18:11:24', '2023-05-12 18:11:24'),
(36, 1, 29, 6, 92, '2023-05-12 18:11:24', '2023-05-12 18:11:24'),
(37, 1, 30, 6, 97, '2023-05-12 18:11:24', '2023-05-12 18:11:24'),
(38, 1, 31, 6, 99, '2023-05-12 18:11:24', '2023-05-12 18:11:24'),
(39, 1, 32, 6, 99, '2023-05-12 18:11:24', '2023-05-12 18:11:24'),
(40, 1, 33, 6, 98, '2023-05-12 18:11:24', '2023-05-12 18:11:24'),
(41, 1, 34, 6, 95, '2023-05-12 18:11:24', '2023-05-12 18:11:24'),
(42, 1, 35, 6, 98, '2023-05-12 18:11:24', '2023-05-12 18:11:24'),
(43, 1, 7, 6, 95, '2023-05-12 18:11:24', '2023-05-12 18:11:24'),
(44, 1, 36, 6, 100, '2023-05-12 18:11:24', '2023-05-12 18:11:24'),
(45, 1, 37, 7, 100, '2023-05-12 18:11:24', '2023-05-12 18:11:24'),
(46, 1, 48, 7, 95, '2023-05-12 18:15:36', '2023-05-12 18:15:36'),
(47, 1, 38, 7, 97, '2023-05-12 18:15:36', '2023-05-12 18:15:36'),
(48, 1, 39, 7, 97, '2023-05-12 18:15:36', '2023-05-12 18:15:36'),
(49, 1, 40, 7, 99, '2023-05-12 18:15:36', '2023-05-12 18:15:36'),
(50, 1, 41, 7, 100, '2023-05-12 18:15:36', '2023-05-12 18:15:36'),
(51, 1, 42, 7, 81, '2023-05-12 18:15:36', '2023-05-12 18:15:36'),
(52, 1, 7, 8, 100, '2023-05-12 18:15:36', '2023-05-12 18:15:36'),
(53, 1, 43, 8, 92, '2023-05-12 18:15:36', '2023-05-12 18:15:36'),
(54, 1, 44, 8, 100, '2023-05-12 18:15:36', '2023-05-12 18:15:36'),
(55, 1, 45, 8, 80, '2023-05-12 18:15:36', '2023-05-12 18:15:36'),
(56, 1, 46, 8, 95, '2023-05-12 18:15:36', '2023-05-12 18:15:36'),
(57, 6, 40, 4, 97, '2023-05-16 20:37:58', '2023-05-16 20:37:58'),
(58, 6, 33, 1, 94, '2023-05-16 20:37:58', '2023-05-16 20:37:58'),
(59, 10, 29, 7, 79, '2023-05-16 20:37:58', '2023-05-16 20:37:58'),
(60, 16, 45, 5, 68, '2023-05-16 20:37:58', '2023-05-16 20:37:58'),
(61, 5, 3, 6, 84, '2023-05-16 20:37:58', '2023-05-16 20:37:58'),
(62, 16, 19, 8, 84, '2023-05-16 20:37:58', '2023-05-16 20:37:58'),
(63, 7, 33, 1, 68, '2023-05-16 20:37:58', '2023-05-16 20:37:58'),
(64, 10, 36, 3, 96, '2023-05-16 20:37:58', '2023-05-16 20:37:58'),
(65, 4, 21, 4, 100, '2023-05-16 20:37:58', '2023-05-16 20:37:58'),
(66, 10, 36, 2, 86, '2023-05-16 20:37:58', '2023-05-16 20:37:58'),
(68, 2, 1, 1, 92, '2023-05-16 20:37:58', '2023-05-16 20:37:58'),
(69, 4, 48, 3, 60, '2023-05-16 20:37:58', '2023-05-16 20:37:58'),
(70, 2, 45, 6, 71, '2023-05-16 20:37:58', '2023-05-16 20:37:58'),
(71, 4, 28, 2, 63, '2023-05-16 20:37:58', '2023-05-16 20:37:58'),
(72, 7, 45, 7, 69, '2023-05-16 20:37:58', '2023-05-16 20:37:58'),
(74, 16, 38, 5, 67, '2023-05-16 20:37:58', '2023-05-16 20:37:58'),
(75, 6, 26, 4, 95, '2023-05-16 20:37:58', '2023-05-16 20:37:58'),
(76, 16, 30, 6, 93, '2023-05-16 20:37:58', '2023-05-16 20:37:58'),
(77, 5, 20, 2, 90, '2023-05-16 20:37:58', '2023-05-16 20:37:58'),
(78, 2, 6, 8, 64, '2023-05-16 20:37:58', '2023-05-16 20:37:58'),
(79, 7, 7, 6, 60, '2023-05-16 20:37:58', '2023-05-16 20:37:58'),
(80, 5, 24, 8, 92, '2023-05-16 20:37:58', '2023-05-16 20:37:58'),
(81, 16, 40, 8, 75, '2023-05-16 20:37:58', '2023-05-16 20:37:58'),
(82, 7, 5, 1, 85, '2023-05-16 20:37:58', '2023-05-16 20:37:58'),
(83, 7, 7, 4, 91, '2023-05-16 20:37:58', '2023-05-16 20:37:58'),
(84, 6, 47, 2, 85, '2023-05-16 20:37:58', '2023-05-16 20:37:58'),
(85, 12, 39, 6, 70, '2023-05-16 20:37:58', '2023-05-16 20:37:58'),
(86, 16, 5, 3, 95, '2023-05-16 20:37:58', '2023-05-16 20:37:58'),
(87, 7, 9, 3, 62, '2023-05-16 20:37:58', '2023-05-16 20:37:58'),
(89, 7, 4, 3, 62, '2023-05-16 20:37:58', '2023-05-16 20:37:58'),
(90, 4, 6, 8, 86, '2023-05-16 20:37:58', '2023-05-16 20:37:58'),
(91, 2, 4, 4, 85, '2023-05-16 20:37:58', '2023-05-16 20:37:58'),
(92, 7, 22, 4, 95, '2023-05-16 20:37:58', '2023-05-16 20:37:58'),
(94, 7, 41, 6, 83, '2023-05-16 20:37:58', '2023-05-16 20:37:58'),
(95, 6, 1, 5, 69, '2023-05-16 20:37:58', '2023-05-16 20:37:58'),
(96, 12, 1, 4, 72, '2023-05-16 20:37:58', '2023-05-16 20:37:58'),
(97, 5, 7, 4, 74, '2023-05-16 20:37:58', '2023-05-16 20:37:58'),
(98, 4, 29, 5, 69, '2023-05-16 20:37:58', '2023-05-16 20:37:58'),
(100, 12, 16, 1, 97, '2023-05-16 20:37:58', '2023-05-16 20:37:58'),
(101, 6, 25, 5, 86, '2023-05-16 20:37:58', '2023-05-16 20:37:58'),
(102, 7, 14, 5, 65, '2023-05-16 20:37:58', '2023-05-16 20:37:58'),
(103, 16, 42, 6, 78, '2023-05-16 20:37:58', '2023-05-16 20:37:58'),
(104, 6, 25, 1, 86, '2023-05-16 20:37:58', '2023-05-16 20:37:58'),
(105, 2, 45, 3, 89, '2023-05-16 20:37:58', '2023-05-16 20:37:58'),
(107, 4, 11, 3, 88, '2023-05-16 20:37:58', '2023-05-16 20:37:58'),
(108, 4, 11, 6, 99, '2023-05-16 20:37:58', '2023-05-16 20:37:58'),
(109, 5, 27, 6, 79, '2023-05-16 20:37:58', '2023-05-16 20:37:58'),
(110, 5, 41, 1, 83, '2023-05-16 20:37:58', '2023-05-16 20:37:58'),
(111, 4, 20, 5, 83, '2023-05-16 20:37:58', '2023-05-16 20:37:58'),
(112, 4, 5, 8, 100, '2023-05-16 20:37:58', '2023-05-16 20:37:58'),
(113, 4, 28, 2, 63, '2023-05-16 20:37:58', '2023-05-16 20:37:58'),
(114, 5, 4, 6, 61, '2023-05-16 20:37:58', '2023-05-16 20:37:58'),
(115, 4, 39, 8, 96, '2023-05-16 20:37:58', '2023-05-16 20:37:58'),
(117, 5, 47, 8, 80, '2023-05-16 20:37:58', '2023-05-16 20:37:58'),
(120, 4, 32, 7, 87, '2023-05-16 20:37:58', '2023-05-16 20:37:58'),
(121, 7, 5, 5, 67, '2023-05-16 20:37:58', '2023-05-16 20:37:58'),
(122, 5, 7, 7, 61, '2023-05-16 20:37:58', '2023-05-16 20:37:58'),
(123, 12, 41, 2, 63, '2023-05-16 20:37:58', '2023-05-16 20:37:58'),
(124, 6, 7, 2, 91, '2023-05-16 20:37:58', '2023-05-16 20:37:58'),
(125, 4, 47, 1, 70, '2023-05-16 20:37:58', '2023-05-16 20:37:58'),
(126, 4, 41, 5, 90, '2023-05-16 20:37:58', '2023-05-16 20:37:58'),
(128, 4, 37, 7, 79, '2023-05-16 20:37:58', '2023-05-16 20:37:58'),
(129, 16, 9, 8, 65, '2023-05-16 20:37:58', '2023-05-16 20:37:58'),
(130, 5, 35, 4, 91, '2023-05-16 20:37:58', '2023-05-16 20:37:58'),
(131, 12, 28, 6, 85, '2023-05-16 20:37:58', '2023-05-16 20:37:58'),
(133, 12, 23, 4, 76, '2023-05-16 20:37:58', '2023-05-16 20:37:58'),
(134, 5, 12, 5, 69, '2023-05-16 20:37:58', '2023-05-16 20:37:58'),
(135, 5, 46, 3, 81, '2023-05-16 20:37:58', '2023-05-16 20:37:58'),
(136, 7, 13, 5, 64, '2023-05-16 20:37:58', '2023-05-16 20:37:58'),
(137, 4, 13, 5, 85, '2023-05-16 20:37:58', '2023-05-16 20:37:58'),
(138, 10, 13, 5, 89, '2023-05-16 20:37:58', '2023-05-16 20:37:58'),
(139, 5, 13, 2, 90, '2023-05-16 20:37:58', '2023-05-16 20:37:58'),
(140, 12, 13, 3, 91, '2023-05-16 20:37:58', '2023-05-16 20:37:58'),
(141, 5, 15, 2, 84, '2023-05-16 20:37:58', '2023-05-16 20:37:58'),
(142, 7, 8, 1, 86, '2023-05-16 20:37:58', '2023-05-16 20:37:58'),
(144, 10, 32, 7, 78, '2023-05-16 20:37:58', '2023-05-16 20:37:58'),
(145, 10, 10, 7, 96, '2023-05-16 20:37:58', '2023-05-16 20:37:58'),
(146, 7, 5, 8, 85, '2023-05-16 20:37:58', '2023-05-16 20:37:58'),
(147, 12, 38, 8, 68, '2023-05-16 20:37:58', '2023-05-16 20:37:58'),
(148, 7, 39, 7, 81, '2023-05-16 20:37:58', '2023-05-16 20:37:58'),
(149, 6, 46, 5, 85, '2023-05-16 20:37:58', '2023-05-16 20:37:58'),
(150, 4, 31, 3, 63, '2023-05-16 20:37:58', '2023-05-16 20:37:58'),
(151, 10, 1, 5, 98, '2023-05-16 20:37:58', '2023-05-16 20:37:58'),
(152, 6, 23, 6, 67, '2023-05-16 20:37:58', '2023-05-16 20:37:58'),
(153, 4, 26, 5, 80, '2023-05-16 20:37:58', '2023-05-16 20:37:58'),
(154, 4, 21, 6, 97, '2023-05-16 20:37:58', '2023-05-16 20:37:58'),
(156, 12, 7, 4, 79, '2023-05-16 20:37:58', '2023-05-16 20:37:58'),
(158, 16, 18, 8, 91, '2023-05-16 20:37:58', '2023-05-16 20:37:58'),
(159, 10, 3, 6, 63, '2023-05-16 20:37:58', '2023-05-16 20:37:58'),
(160, 10, 42, 4, 74, '2023-05-16 20:37:58', '2023-05-16 20:37:58'),
(161, 2, 36, 1, 64, '2023-05-16 20:37:58', '2023-05-16 20:37:58'),
(162, 16, 16, 6, 99, '2023-05-16 20:37:58', '2023-05-16 20:37:58'),
(164, 6, 9, 2, 90, '2023-05-16 20:37:58', '2023-05-16 20:37:58'),
(165, 7, 44, 3, 72, '2023-05-16 20:37:58', '2023-05-16 20:37:58'),
(166, 12, 32, 7, 75, '2023-05-16 20:37:58', '2023-05-16 20:37:58'),
(167, 16, 24, 5, 79, '2023-05-16 20:37:58', '2023-05-16 20:37:58'),
(168, 4, 26, 5, 98, '2023-05-16 20:37:58', '2023-05-16 20:37:58'),
(169, 10, 30, 8, 96, '2023-05-16 20:37:58', '2023-05-16 20:37:58'),
(170, 10, 30, 6, 80, '2023-05-16 20:37:58', '2023-05-16 20:37:58'),
(171, 2, 29, 1, 91, '2023-05-16 20:37:58', '2023-05-16 20:37:58'),
(172, 7, 39, 6, 83, '2023-05-16 20:37:58', '2023-05-16 20:37:58'),
(173, 10, 27, 2, 77, '2023-05-16 20:37:58', '2023-05-16 20:37:58'),
(174, 5, 27, 5, 62, '2023-05-16 20:37:59', '2023-05-16 20:37:59'),
(175, 2, 26, 3, 79, '2023-05-16 20:37:59', '2023-05-16 20:37:59'),
(176, 5, 25, 5, 60, '2023-05-16 20:37:59', '2023-05-16 20:37:59'),
(177, 12, 3, 4, 90, '2023-05-16 20:37:59', '2023-05-16 20:37:59'),
(178, 4, 36, 1, 94, '2023-05-16 20:37:59', '2023-05-16 20:37:59'),
(179, 5, 30, 4, 95, '2023-05-16 20:37:59', '2023-05-16 20:37:59'),
(180, 16, 39, 8, 95, '2023-05-16 20:37:59', '2023-05-16 20:37:59'),
(181, 12, 25, 8, 84, '2023-05-16 20:37:59', '2023-05-16 20:37:59'),
(182, 12, 43, 5, 64, '2023-05-16 20:37:59', '2023-05-16 20:37:59'),
(183, 2, 3, 2, 82, '2023-05-16 20:37:59', '2023-05-16 20:37:59'),
(184, 4, 39, 1, 69, '2023-05-16 20:37:59', '2023-05-16 20:37:59'),
(185, 2, 8, 1, 80, '2023-05-16 20:37:59', '2023-05-16 20:37:59'),
(186, 16, 6, 1, 61, '2023-05-16 20:37:59', '2023-05-16 20:37:59'),
(187, 10, 48, 8, 71, '2023-05-16 20:37:59', '2023-05-16 20:37:59'),
(188, 16, 36, 3, 69, '2023-05-16 20:37:59', '2023-05-16 20:37:59'),
(189, 5, 25, 6, 98, '2023-05-16 20:37:59', '2023-05-16 20:37:59'),
(190, 2, 31, 8, 83, '2023-05-16 20:37:59', '2023-05-16 20:37:59'),
(191, 7, 39, 4, 93, '2023-05-16 20:37:59', '2023-05-16 20:37:59'),
(192, 4, 16, 1, 60, '2023-05-16 20:37:59', '2023-05-16 20:37:59'),
(193, 7, 45, 3, 73, '2023-05-16 20:37:59', '2023-05-16 20:37:59'),
(194, 5, 22, 2, 64, '2023-05-16 20:37:59', '2023-05-16 20:37:59'),
(195, 5, 27, 5, 97, '2023-05-16 20:37:59', '2023-05-16 20:37:59'),
(196, 6, 34, 8, 81, '2023-05-16 20:37:59', '2023-05-16 20:37:59'),
(197, 10, 1, 7, 96, '2023-05-16 20:37:59', '2023-05-16 20:37:59'),
(198, 16, 27, 3, 90, '2023-05-16 20:37:59', '2023-05-16 20:37:59'),
(199, 16, 35, 6, 78, '2023-05-16 20:37:59', '2023-05-16 20:37:59'),
(201, 12, 1, 3, 85, '2023-05-16 20:37:59', '2023-05-16 20:37:59'),
(202, 12, 22, 3, 67, '2023-05-16 20:37:59', '2023-05-16 20:37:59'),
(203, 4, 1, 6, 96, '2023-05-16 20:37:59', '2023-05-16 20:37:59'),
(204, 16, 42, 4, 67, '2023-05-16 20:37:59', '2023-05-16 20:37:59'),
(205, 5, 13, 8, 98, '2023-05-16 20:37:59', '2023-05-16 20:37:59'),
(206, 10, 2, 2, 81, '2023-05-16 20:37:59', '2023-05-16 20:37:59'),
(208, 12, 11, 5, 89, '2023-05-16 20:37:59', '2023-05-16 20:37:59'),
(209, 10, 42, 2, 61, '2023-05-16 20:37:59', '2023-05-16 20:37:59'),
(210, 10, 43, 1, 87, '2023-05-16 20:37:59', '2023-05-16 20:37:59'),
(211, 6, 42, 4, 92, '2023-05-16 20:37:59', '2023-05-16 20:37:59'),
(212, 16, 37, 7, 64, '2023-05-16 20:37:59', '2023-05-16 20:37:59'),
(213, 4, 15, 8, 84, '2023-05-16 20:37:59', '2023-05-16 20:37:59'),
(214, 4, 16, 4, 90, '2023-05-16 20:37:59', '2023-05-16 20:37:59'),
(215, 4, 21, 5, 85, '2023-05-16 20:37:59', '2023-05-16 20:37:59'),
(217, 7, 27, 4, 65, '2023-05-16 20:37:59', '2023-05-16 20:37:59'),
(218, 12, 47, 1, 91, '2023-05-16 20:37:59', '2023-05-16 20:37:59'),
(219, 6, 13, 6, 77, '2023-05-16 20:37:59', '2023-05-16 20:37:59'),
(220, 16, 34, 8, 90, '2023-05-16 20:37:59', '2023-05-16 20:37:59'),
(221, 7, 18, 7, 80, '2023-05-16 20:37:59', '2023-05-16 20:37:59'),
(222, 16, 46, 3, 76, '2023-05-16 20:37:59', '2023-05-16 20:37:59'),
(224, 7, 1, 8, 80, '2023-05-16 20:37:59', '2023-05-16 20:37:59'),
(225, 2, 40, 7, 85, '2023-05-16 20:37:59', '2023-05-16 20:37:59'),
(226, 2, 2, 4, 69, '2023-05-16 20:37:59', '2023-05-16 20:37:59'),
(227, 5, 4, 8, 82, '2023-05-16 20:37:59', '2023-05-16 20:37:59'),
(228, 7, 32, 6, 95, '2023-05-16 20:37:59', '2023-05-16 20:37:59'),
(229, 4, 34, 1, 63, '2023-05-16 20:37:59', '2023-05-16 20:37:59'),
(230, 6, 4, 8, 80, '2023-05-16 20:37:59', '2023-05-16 20:37:59'),
(231, 4, 36, 2, 65, '2023-05-16 20:37:59', '2023-05-16 20:37:59'),
(232, 16, 38, 3, 100, '2023-05-16 20:37:59', '2023-05-16 20:37:59'),
(233, 6, 24, 8, 87, '2023-05-16 20:37:59', '2023-05-16 20:37:59'),
(234, 5, 7, 7, 88, '2023-05-16 20:37:59', '2023-05-16 20:37:59'),
(235, 10, 32, 5, 75, '2023-05-16 20:37:59', '2023-05-16 20:37:59'),
(236, 2, 44, 4, 63, '2023-05-16 20:37:59', '2023-05-16 20:37:59'),
(238, 2, 34, 7, 73, '2023-05-16 20:37:59', '2023-05-16 20:37:59'),
(240, 12, 12, 8, 87, '2023-05-16 20:37:59', '2023-05-16 20:37:59'),
(241, 4, 27, 6, 62, '2023-05-16 20:37:59', '2023-05-16 20:37:59'),
(242, 16, 16, 7, 80, '2023-05-16 20:37:59', '2023-05-16 20:37:59'),
(243, 6, 45, 8, 65, '2023-05-16 20:37:59', '2023-05-16 20:37:59'),
(244, 6, 15, 4, 69, '2023-05-16 20:37:59', '2023-05-16 20:37:59'),
(245, 7, 32, 6, 74, '2023-05-16 20:37:59', '2023-05-16 20:37:59'),
(246, 16, 4, 8, 71, '2023-05-16 20:37:59', '2023-05-16 20:37:59'),
(247, 4, 44, 5, 68, '2023-05-16 20:37:59', '2023-05-16 20:37:59'),
(248, 10, 12, 4, 79, '2023-05-16 20:37:59', '2023-05-16 20:37:59'),
(249, 12, 5, 2, 68, '2023-05-16 20:37:59', '2023-05-16 20:37:59'),
(250, 5, 10, 4, 69, '2023-05-16 20:37:59', '2023-05-16 20:37:59'),
(251, 7, 6, 6, 71, '2023-05-16 20:37:59', '2023-05-16 20:37:59'),
(252, 5, 45, 7, 85, '2023-05-16 20:37:59', '2023-05-16 20:37:59'),
(253, 4, 24, 2, 92, '2023-05-16 20:37:59', '2023-05-16 20:37:59'),
(255, 4, 42, 6, 66, '2023-05-16 20:37:59', '2023-05-16 20:37:59'),
(256, 2, 3, 4, 76, '2023-05-16 20:37:59', '2023-05-16 20:37:59'),
(257, 10, 26, 8, 63, '2023-05-16 20:37:59', '2023-05-16 20:37:59'),
(258, 5, 6, 5, 77, '2023-05-16 20:37:59', '2023-05-16 20:37:59'),
(259, 16, 16, 4, 84, '2023-05-16 20:37:59', '2023-05-16 20:37:59'),
(260, 7, 18, 3, 76, '2023-05-16 20:37:59', '2023-05-16 20:37:59'),
(261, 12, 41, 7, 86, '2023-05-16 20:37:59', '2023-05-16 20:37:59'),
(262, 12, 35, 3, 70, '2023-05-16 20:37:59', '2023-05-16 20:37:59'),
(263, 2, 14, 4, 61, '2023-05-16 20:37:59', '2023-05-16 20:37:59'),
(264, 5, 28, 7, 94, '2023-05-16 20:37:59', '2023-05-16 20:37:59'),
(265, 7, 1, 5, 95, '2023-05-16 20:37:59', '2023-05-16 20:37:59'),
(266, 4, 37, 7, 100, '2023-05-16 20:37:59', '2023-05-16 20:37:59'),
(267, 7, 37, 8, 91, '2023-05-16 20:37:59', '2023-05-16 20:37:59'),
(268, 6, 3, 5, 99, '2023-05-16 20:37:59', '2023-05-16 20:37:59'),
(269, 16, 20, 3, 80, '2023-05-16 20:37:59', '2023-05-16 20:37:59'),
(270, 2, 7, 3, 70, '2023-05-16 20:37:59', '2023-05-16 20:37:59'),
(271, 2, 6, 5, 75, '2023-05-16 20:37:59', '2023-05-16 20:37:59'),
(272, 16, 39, 1, 97, '2023-05-16 20:37:59', '2023-05-16 20:37:59'),
(273, 16, 6, 4, 71, '2023-05-16 20:37:59', '2023-05-16 20:37:59'),
(274, 10, 17, 1, 76, '2023-05-16 20:37:59', '2023-05-16 20:37:59'),
(275, 2, 19, 6, 72, '2023-05-16 20:37:59', '2023-05-16 20:37:59'),
(276, 10, 48, 7, 61, '2023-05-16 20:37:59', '2023-05-16 20:37:59'),
(277, 6, 26, 2, 81, '2023-05-16 20:37:59', '2023-05-16 20:37:59'),
(280, 2, 34, 2, 68, '2023-05-16 20:37:59', '2023-05-16 20:37:59'),
(282, 6, 12, 2, 85, '2023-05-16 20:37:59', '2023-05-16 20:37:59'),
(283, 5, 36, 5, 63, '2023-05-16 20:37:59', '2023-05-16 20:37:59'),
(284, 16, 33, 3, 87, '2023-05-16 20:37:59', '2023-05-16 20:37:59'),
(286, 12, 39, 1, 62, '2023-05-16 20:37:59', '2023-05-16 20:37:59'),
(288, 4, 39, 6, 83, '2023-05-16 20:37:59', '2023-05-16 20:37:59'),
(289, 4, 37, 5, 62, '2023-05-16 20:37:59', '2023-05-16 20:37:59'),
(290, 7, 34, 5, 62, '2023-05-16 20:37:59', '2023-05-16 20:37:59'),
(291, 6, 14, 4, 71, '2023-05-16 20:37:59', '2023-05-16 20:37:59'),
(292, 5, 5, 6, 74, '2023-05-16 20:37:59', '2023-05-16 20:37:59'),
(293, 10, 16, 4, 82, '2023-05-16 20:37:59', '2023-05-16 20:37:59'),
(294, 10, 14, 1, 74, '2023-05-16 20:37:59', '2023-05-16 20:37:59'),
(295, 10, 23, 5, 62, '2023-05-16 20:37:59', '2023-05-16 20:37:59'),
(296, 6, 26, 1, 100, '2023-05-16 20:37:59', '2023-05-16 20:37:59'),
(297, 16, 17, 3, 61, '2023-05-16 20:37:59', '2023-05-16 20:37:59'),
(298, 2, 47, 7, 99, '2023-05-16 20:37:59', '2023-05-16 20:37:59'),
(299, 7, 41, 1, 83, '2023-05-16 20:37:59', '2023-05-16 20:37:59'),
(300, 16, 6, 7, 88, '2023-05-16 20:37:59', '2023-05-16 20:37:59'),
(301, 10, 22, 7, 84, '2023-05-16 20:37:59', '2023-05-16 20:37:59'),
(302, 4, 4, 5, 67, '2023-05-16 20:37:59', '2023-05-16 20:37:59'),
(303, 7, 25, 2, 97, '2023-05-16 20:37:59', '2023-05-16 20:37:59'),
(304, 10, 36, 6, 62, '2023-05-16 20:37:59', '2023-05-16 20:37:59'),
(305, 5, 44, 7, 61, '2023-05-16 20:37:59', '2023-05-16 20:37:59'),
(306, 2, 7, 4, 64, '2023-05-16 20:37:59', '2023-05-16 20:37:59'),
(307, 4, 30, 2, 60, '2023-05-16 20:37:59', '2023-05-16 20:37:59'),
(308, 7, 34, 4, 99, '2023-05-16 20:37:59', '2023-05-16 20:37:59'),
(309, 4, 14, 2, 77, '2023-05-16 20:37:59', '2023-05-16 20:37:59'),
(310, 16, 34, 5, 65, '2023-05-16 20:37:59', '2023-05-16 20:37:59'),
(311, 6, 2, 4, 60, '2023-05-16 20:37:59', '2023-05-16 20:37:59'),
(312, 7, 25, 7, 82, '2023-05-16 20:37:59', '2023-05-16 20:37:59'),
(313, 12, 6, 6, 60, '2023-05-16 20:37:59', '2023-05-16 20:37:59'),
(314, 5, 46, 5, 79, '2023-05-16 20:37:59', '2023-05-16 20:37:59'),
(315, 12, 17, 1, 60, '2023-05-16 20:37:59', '2023-05-16 20:37:59'),
(316, 6, 12, 4, 60, '2023-05-16 20:37:59', '2023-05-16 20:37:59'),
(317, 7, 14, 2, 75, '2023-05-16 20:37:59', '2023-05-16 20:37:59'),
(318, 16, 44, 8, 83, '2023-05-16 20:37:59', '2023-05-16 20:37:59'),
(319, 12, 5, 8, 86, '2023-05-16 20:37:59', '2023-05-16 20:37:59'),
(320, 4, 37, 4, 71, '2023-05-16 20:37:59', '2023-05-16 20:37:59'),
(321, 10, 33, 5, 81, '2023-05-16 20:37:59', '2023-05-16 20:37:59'),
(322, 5, 16, 5, 61, '2023-05-16 20:37:59', '2023-05-16 20:37:59'),
(324, 4, 45, 8, 69, '2023-05-16 20:37:59', '2023-05-16 20:37:59'),
(325, 16, 9, 1, 96, '2023-05-16 20:37:59', '2023-05-16 20:37:59'),
(326, 5, 33, 3, 71, '2023-05-16 20:37:59', '2023-05-16 20:37:59'),
(327, 6, 37, 1, 95, '2023-05-16 20:37:59', '2023-05-16 20:37:59'),
(329, 5, 36, 8, 90, '2023-05-16 20:37:59', '2023-05-16 20:37:59'),
(330, 7, 48, 5, 93, '2023-05-16 20:37:59', '2023-05-16 20:37:59'),
(331, 6, 19, 3, 67, '2023-05-16 20:37:59', '2023-05-16 20:37:59'),
(334, 10, 2, 3, 93, '2023-05-16 20:37:59', '2023-05-16 20:37:59'),
(335, 16, 22, 4, 94, '2023-05-16 20:37:59', '2023-05-16 20:37:59'),
(337, 4, 26, 6, 88, '2023-05-16 20:37:59', '2023-05-16 20:37:59'),
(338, 16, 20, 2, 86, '2023-05-16 20:37:59', '2023-05-16 20:37:59'),
(339, 5, 19, 2, 68, '2023-05-16 20:37:59', '2023-05-16 20:37:59'),
(340, 2, 42, 7, 89, '2023-05-16 20:37:59', '2023-05-16 20:37:59'),
(341, 7, 48, 2, 82, '2023-05-16 20:37:59', '2023-05-16 20:37:59'),
(342, 12, 47, 4, 91, '2023-05-16 20:37:59', '2023-05-16 20:37:59'),
(343, 10, 23, 5, 69, '2023-05-16 20:37:59', '2023-05-16 20:37:59'),
(344, 5, 41, 5, 72, '2023-05-16 20:37:59', '2023-05-16 20:37:59'),
(345, 12, 29, 1, 71, '2023-05-16 20:37:59', '2023-05-16 20:37:59'),
(346, 5, 11, 6, 75, '2023-05-16 20:37:59', '2023-05-16 20:37:59'),
(347, 5, 9, 3, 98, '2023-05-16 20:37:59', '2023-05-16 20:37:59'),
(348, 2, 9, 3, 93, '2023-05-16 20:37:59', '2023-05-16 20:37:59'),
(349, 6, 27, 6, 98, '2023-05-16 20:37:59', '2023-05-16 20:37:59'),
(350, 12, 30, 6, 72, '2023-05-16 20:37:59', '2023-05-16 20:37:59'),
(351, 2, 30, 3, 93, '2023-05-16 20:37:59', '2023-05-16 20:37:59'),
(352, 16, 2, 2, 91, '2023-05-16 20:37:59', '2023-05-16 20:37:59'),
(353, 5, 17, 3, 87, '2023-05-16 20:37:59', '2023-05-16 20:37:59'),
(354, 5, 19, 5, 71, '2023-05-16 20:37:59', '2023-05-16 20:37:59'),
(356, 6, 12, 8, 89, '2023-05-16 20:37:59', '2023-05-16 20:37:59'),
(357, 4, 44, 3, 90, '2023-05-16 20:37:59', '2023-05-16 20:37:59'),
(358, 2, 28, 4, 99, '2023-05-16 20:37:59', '2023-05-16 20:37:59'),
(359, 4, 47, 6, 92, '2023-05-16 20:37:59', '2023-05-16 20:37:59'),
(361, 10, 16, 3, 70, '2023-05-16 20:37:59', '2023-05-16 20:37:59'),
(362, 12, 39, 7, 85, '2023-05-16 20:38:00', '2023-05-16 20:38:00'),
(363, 16, 33, 8, 82, '2023-05-16 20:38:00', '2023-05-16 20:38:00'),
(364, 2, 26, 2, 85, '2023-05-16 20:38:00', '2023-05-16 20:38:00'),
(365, 7, 19, 1, 66, '2023-05-16 20:38:00', '2023-05-16 20:38:00'),
(367, 16, 13, 3, 90, '2023-05-16 20:38:00', '2023-05-16 20:38:00'),
(369, 12, 31, 8, 89, '2023-05-16 20:38:00', '2023-05-16 20:38:00'),
(370, 5, 35, 4, 90, '2023-05-16 20:38:00', '2023-05-16 20:38:00'),
(371, 4, 35, 5, 70, '2023-05-16 20:38:00', '2023-05-16 20:38:00'),
(372, 12, 17, 8, 90, '2023-05-16 20:38:00', '2023-05-16 20:38:00'),
(373, 7, 42, 4, 93, '2023-05-16 20:38:00', '2023-05-16 20:38:00'),
(374, 16, 22, 1, 61, '2023-05-16 20:38:00', '2023-05-16 20:38:00'),
(375, 7, 36, 1, 74, '2023-05-16 20:38:00', '2023-05-16 20:38:00'),
(376, 4, 42, 4, 62, '2023-05-16 20:38:00', '2023-05-16 20:38:00'),
(377, 16, 28, 5, 82, '2023-05-16 20:38:00', '2023-05-16 20:38:00'),
(378, 10, 42, 8, 77, '2023-05-16 20:38:00', '2023-05-16 20:38:00'),
(379, 2, 47, 3, 73, '2023-05-16 20:38:00', '2023-05-16 20:38:00'),
(380, 2, 24, 5, 75, '2023-05-16 20:38:00', '2023-05-16 20:38:00'),
(381, 12, 37, 7, 75, '2023-05-16 20:38:00', '2023-05-16 20:38:00'),
(383, 10, 9, 4, 86, '2023-05-16 20:38:00', '2023-05-16 20:38:00'),
(385, 5, 34, 3, 81, '2023-05-16 20:38:00', '2023-05-16 20:38:00'),
(386, 7, 39, 4, 77, '2023-05-16 20:38:00', '2023-05-16 20:38:00'),
(387, 16, 33, 3, 77, '2023-05-16 20:38:00', '2023-05-16 20:38:00'),
(388, 12, 1, 8, 78, '2023-05-16 20:38:00', '2023-05-16 20:38:00'),
(390, 2, 15, 8, 66, '2023-05-16 20:38:00', '2023-05-16 20:38:00'),
(391, 5, 3, 8, 63, '2023-05-16 20:38:00', '2023-05-16 20:38:00'),
(393, 5, 48, 6, 92, '2023-05-16 20:38:00', '2023-05-16 20:38:00'),
(394, 16, 26, 1, 95, '2023-05-16 20:38:00', '2023-05-16 20:38:00'),
(396, 12, 36, 2, 70, '2023-05-16 20:38:00', '2023-05-16 20:38:00'),
(397, 4, 7, 4, 81, '2023-05-16 20:38:00', '2023-05-16 20:38:00'),
(398, 6, 32, 2, 98, '2023-05-16 20:38:00', '2023-05-16 20:38:00'),
(399, 2, 1, 8, 65, '2023-05-16 20:38:00', '2023-05-16 20:38:00'),
(400, 4, 2, 8, 72, '2023-05-16 20:38:00', '2023-05-16 20:38:00'),
(401, 10, 43, 3, 82, '2023-05-16 20:38:00', '2023-05-16 20:38:00'),
(402, 5, 21, 3, 80, '2023-05-16 20:38:00', '2023-05-16 20:38:00'),
(403, 5, 34, 4, 62, '2023-05-16 20:38:00', '2023-05-16 20:38:00'),
(404, 16, 7, 1, 97, '2023-05-16 20:38:00', '2023-05-16 20:38:00'),
(405, 4, 31, 3, 67, '2023-05-16 20:38:00', '2023-05-16 20:38:00'),
(406, 5, 16, 7, 82, '2023-05-16 20:38:00', '2023-05-16 20:38:00'),
(407, 10, 41, 5, 72, '2023-05-16 20:38:00', '2023-05-16 20:38:00'),
(408, 2, 18, 6, 94, '2023-05-16 20:38:00', '2023-05-16 20:38:00'),
(409, 2, 16, 2, 81, '2023-05-16 20:38:00', '2023-05-16 20:38:00'),
(410, 7, 18, 1, 67, '2023-05-16 20:38:00', '2023-05-16 20:38:00'),
(411, 12, 43, 2, 74, '2023-05-16 20:38:00', '2023-05-16 20:38:00'),
(412, 5, 4, 7, 63, '2023-05-16 20:38:00', '2023-05-16 20:38:00'),
(413, 5, 42, 4, 70, '2023-05-16 20:38:00', '2023-05-16 20:38:00'),
(414, 7, 32, 1, 88, '2023-05-16 20:38:00', '2023-05-16 20:38:00'),
(415, 7, 37, 6, 68, '2023-05-16 20:38:00', '2023-05-16 20:38:00'),
(418, 5, 23, 2, 61, '2023-05-16 20:38:00', '2023-05-16 20:38:00'),
(419, 16, 25, 2, 67, '2023-05-16 20:38:00', '2023-05-16 20:38:00'),
(420, 10, 16, 2, 84, '2023-05-16 20:38:00', '2023-05-16 20:38:00'),
(421, 2, 40, 3, 93, '2023-05-16 20:38:00', '2023-05-16 20:38:00'),
(422, 6, 12, 3, 67, '2023-05-16 20:38:00', '2023-05-16 20:38:00'),
(423, 7, 14, 2, 91, '2023-05-16 20:38:00', '2023-05-16 20:38:00'),
(424, 5, 37, 6, 75, '2023-05-16 20:38:00', '2023-05-16 20:38:00'),
(425, 7, 33, 4, 84, '2023-05-16 20:38:00', '2023-05-16 20:38:00'),
(426, 16, 7, 3, 83, '2023-05-16 20:38:00', '2023-05-16 20:38:00'),
(427, 16, 9, 3, 85, '2023-05-16 20:38:00', '2023-05-16 20:38:00'),
(428, 4, 9, 4, 97, '2023-05-16 20:38:00', '2023-05-16 20:38:00'),
(429, 6, 11, 6, 90, '2023-05-16 20:38:00', '2023-05-16 20:38:00'),
(430, 10, 25, 2, 82, '2023-05-16 20:38:00', '2023-05-16 20:38:00'),
(431, 16, 15, 6, 62, '2023-05-16 20:38:00', '2023-05-16 20:38:00'),
(432, 2, 17, 2, 84, '2023-05-16 20:38:00', '2023-05-16 20:38:00'),
(433, 2, 6, 3, 80, '2023-05-16 20:38:00', '2023-05-16 20:38:00'),
(434, 2, 18, 8, 95, '2023-05-16 20:38:00', '2023-05-16 20:38:00'),
(436, 2, 24, 3, 62, '2023-05-16 20:38:00', '2023-05-16 20:38:00'),
(437, 2, 43, 3, 89, '2023-05-16 20:38:00', '2023-05-16 20:38:00'),
(438, 6, 24, 3, 79, '2023-05-16 20:38:00', '2023-05-16 20:38:00'),
(439, 6, 35, 3, 71, '2023-05-16 20:38:00', '2023-05-16 20:38:00'),
(440, 4, 46, 5, 81, '2023-05-16 20:38:00', '2023-05-16 20:38:00'),
(441, 4, 28, 4, 87, '2023-05-16 20:38:00', '2023-05-16 20:38:00'),
(442, 2, 2, 4, 85, '2023-05-16 20:38:00', '2023-05-16 20:38:00'),
(443, 10, 44, 2, 98, '2023-05-16 20:38:00', '2023-05-16 20:38:00'),
(444, 12, 31, 7, 67, '2023-05-16 20:38:00', '2023-05-16 20:38:00'),
(445, 16, 7, 4, 94, '2023-05-16 20:38:00', '2023-05-16 20:38:00'),
(446, 2, 21, 1, 82, '2023-05-16 20:38:00', '2023-05-16 20:38:00'),
(448, 10, 11, 3, 74, '2023-05-16 20:38:00', '2023-05-16 20:38:00'),
(449, 10, 3, 3, 66, '2023-05-16 20:38:00', '2023-05-16 20:38:00'),
(450, 7, 4, 2, 84, '2023-05-16 20:38:00', '2023-05-16 20:38:00'),
(451, 6, 46, 6, 73, '2023-05-16 20:38:00', '2023-05-16 20:38:00'),
(452, 2, 43, 8, 76, '2023-05-16 20:38:00', '2023-05-16 20:38:00'),
(453, 2, 40, 6, 98, '2023-05-16 20:38:00', '2023-05-16 20:38:00'),
(454, 10, 11, 3, 81, '2023-05-16 20:38:00', '2023-05-16 20:38:00'),
(455, 10, 28, 1, 72, '2023-05-16 20:38:00', '2023-05-16 20:38:00'),
(456, 2, 34, 2, 95, '2023-05-16 20:38:00', '2023-05-16 20:38:00');

-- --------------------------------------------------------

--
-- Структура таблиці `migrations`
--

CREATE TABLE `migrations` (
  `id` int(10) UNSIGNED NOT NULL,
  `migration` varchar(255) COLLATE utf8mb4_unicode_ci NOT NULL,
  `batch` int(11) NOT NULL
) ENGINE=InnoDB DEFAULT CHARSET=utf8mb4 COLLATE=utf8mb4_unicode_ci;

--
-- Дамп даних таблиці `migrations`
--

INSERT INTO `migrations` (`id`, `migration`, `batch`) VALUES
(1, '2014_10_12_000000_create_users_table', 1),
(2, '2014_10_12_100000_create_password_resets_table', 1),
(3, '2019_08_19_000000_create_failed_jobs_table', 1),
(4, '2019_12_14_000001_create_personal_access_tokens_table', 1),
(8, '2023_05_07_212109_create_admins_table', 2),
(9, '2023_05_10_132533_create_universities_table', 2),
(14, '2023_05_10_133244_create_faculties_table', 3),
(15, '2023_05_10_135010_create_specialties_table', 3),
(16, '2023_05_10_135500_create_groups_table', 3),
(17, '2023_05_10_135742_create_students_table', 3),
(18, '2023_05_10_140257_create_experiences_table', 3),
(21, '2023_05_12_165434_create_subjects_table', 4),
(22, '2023_05_12_165526_create_marks_table', 4),
(23, '2023_05_26_145249_create_boosts_table', 5),
(24, '2023_05_29_075543_create_applications_table', 6);

-- --------------------------------------------------------

--
-- Структура таблиці `password_resets`
--

CREATE TABLE `password_resets` (
  `email` varchar(255) COLLATE utf8mb4_unicode_ci NOT NULL,
  `token` varchar(255) COLLATE utf8mb4_unicode_ci NOT NULL,
  `created_at` timestamp NULL DEFAULT NULL
) ENGINE=InnoDB DEFAULT CHARSET=utf8mb4 COLLATE=utf8mb4_unicode_ci;

--
-- Дамп даних таблиці `password_resets`
--

INSERT INTO `password_resets` (`email`, `token`, `created_at`) VALUES
('maksim2002gri@gmail.com', '$2y$10$huAsfG0Ymmnd/oYk.65Vm.IDZfFDbc1kZN.63c6rZoIvze/igOLFi', '2023-05-29 01:11:34');

-- --------------------------------------------------------

--
-- Структура таблиці `personal_access_tokens`
--

CREATE TABLE `personal_access_tokens` (
  `id` bigint(20) UNSIGNED NOT NULL,
  `tokenable_type` varchar(255) COLLATE utf8mb4_unicode_ci NOT NULL,
  `tokenable_id` bigint(20) UNSIGNED NOT NULL,
  `name` varchar(255) COLLATE utf8mb4_unicode_ci NOT NULL,
  `token` varchar(64) COLLATE utf8mb4_unicode_ci NOT NULL,
  `abilities` text COLLATE utf8mb4_unicode_ci,
  `last_used_at` timestamp NULL DEFAULT NULL,
  `created_at` timestamp NULL DEFAULT NULL,
  `updated_at` timestamp NULL DEFAULT NULL
) ENGINE=InnoDB DEFAULT CHARSET=utf8mb4 COLLATE=utf8mb4_unicode_ci;

-- --------------------------------------------------------

--
-- Структура таблиці `specialties`
--

CREATE TABLE `specialties` (
  `id` bigint(20) UNSIGNED NOT NULL,
  `university_id` bigint(20) UNSIGNED NOT NULL,
  `faculty_id` bigint(20) UNSIGNED NOT NULL,
  `code` int(10) UNSIGNED NOT NULL,
  `name` varchar(255) COLLATE utf8mb4_unicode_ci NOT NULL,
  `created_at` timestamp NULL DEFAULT NULL,
  `updated_at` timestamp NULL DEFAULT NULL
) ENGINE=InnoDB DEFAULT CHARSET=utf8mb4 COLLATE=utf8mb4_unicode_ci;

--
-- Дамп даних таблиці `specialties`
--

INSERT INTO `specialties` (`id`, `university_id`, `faculty_id`, `code`, `name`, `created_at`, `updated_at`) VALUES
(1, 1, 2, 23, 'Образотворче мистецтво, декоративне мистецтво, реставрація', '2023-05-11 10:32:42', '2023-05-11 10:32:42'),
(2, 1, 22, 35, 'Філологія', '2023-05-11 10:33:19', '2023-05-25 21:48:13'),
(3, 1, 23, 51, 'Економіка', '2023-05-11 10:41:07', '2023-05-11 10:41:07'),
(4, 1, 24, 53, 'Психологія', '2023-05-11 10:41:07', '2023-05-11 10:41:07'),
(5, 1, 24, 54, 'Соціологія', '2023-05-11 10:41:07', '2023-05-11 10:41:07'),
(6, 1, 2, 61, 'Журналістика', '2023-05-11 10:41:07', '2023-05-11 10:41:07'),
(7, 1, 23, 73, 'Менеджмент', '2023-05-11 10:41:07', '2023-05-11 10:41:07'),
(8, 1, 23, 75, 'Маркетинг', '2023-05-11 10:41:07', '2023-05-11 10:41:07'),
(9, 1, 24, 81, 'Право', '2023-05-11 10:41:07', '2023-05-11 10:41:07'),
(10, 1, 14, 101, 'Екологія', '2023-05-11 10:41:07', '2023-05-11 10:41:07'),
(11, 1, 26, 104, 'Фізика та астрономія', '2023-05-11 10:41:07', '2023-05-11 10:41:07'),
(12, 1, 10, 105, 'Прикладна фізика та наноматеріали', '2023-05-11 10:41:07', '2023-05-11 10:41:07'),
(13, 1, 26, 111, 'Математика', '2023-05-11 10:41:07', '2023-05-11 10:41:07'),
(14, 1, 25, 113, 'Прикладна математика', '2023-05-11 10:41:07', '2023-05-11 10:41:07'),
(15, 1, 10, 113, 'Прикладна математика', '2023-05-11 10:41:07', '2023-05-11 10:41:07'),
(16, 1, 4, 121, 'Інженерія програмного забезпечення', '2023-05-11 10:41:07', '2023-05-11 10:41:07'),
(17, 1, 21, 121, 'Інженерія програмного забезпечення', '2023-05-11 10:41:07', '2023-05-11 10:41:07'),
(18, 1, 25, 121, 'Інженерія програмного забезпечення', '2023-05-11 10:41:07', '2023-05-11 10:41:07'),
(19, 1, 1, 122, 'Комп’ютерні науки', '2023-05-11 10:50:11', '2023-05-11 10:50:11'),
(20, 1, 7, 122, 'Комп’ютерні науки', '2023-05-11 10:50:11', '2023-05-11 10:50:11'),
(21, 1, 4, 122, 'Комп’ютерні науки', '2023-05-11 10:50:11', '2023-05-11 10:50:11'),
(22, 1, 17, 122, 'Комп’ютерні науки', '2023-05-11 10:50:11', '2023-05-11 10:50:11'),
(23, 1, 21, 123, 'Комп’ютерна інженерія', '2023-05-11 10:50:11', '2023-05-11 10:50:11'),
(24, 1, 25, 123, 'Комп’ютерна інженерія', '2023-05-11 10:50:11', '2023-05-11 10:50:11'),
(25, 1, 7, 124, 'Системний аналіз', '2023-05-11 10:50:11', '2023-05-11 10:50:11'),
(26, 1, 10, 125, 'Кібербезпека та захист інформації', '2023-05-11 10:50:11', '2023-05-11 10:50:11'),
(27, 1, 1, 125, 'Кібербезпека та захист інформації', '2023-05-11 10:50:11', '2023-05-11 10:50:11'),
(28, 1, 21, 126, 'Інформаційні системи та технології', '2023-05-11 10:50:11', '2023-05-11 10:50:11'),
(29, 1, 9, 131, 'Прикладна механіка', '2023-05-11 10:50:11', '2023-05-11 10:50:11'),
(30, 1, 14, 131, 'Прикладна механіка', '2023-05-11 10:50:11', '2023-05-11 10:50:11'),
(31, 1, 6, 131, 'Прикладна механіка', '2023-05-11 10:50:11', '2023-05-11 10:50:11'),
(32, 1, 6, 132, 'Матеріалознавство', '2023-05-11 10:50:11', '2023-05-11 10:50:11'),
(33, 1, 14, 133, 'Галузеве машинобудування', '2023-05-11 10:50:11', '2023-05-11 10:50:11'),
(34, 1, 2, 133, 'Галузеве машинобудування', '2023-05-11 10:50:11', '2023-05-11 10:50:11'),
(35, 1, 3, 134, 'Авіаційна та ракетно-космічна техніка', '2023-05-11 10:50:11', '2023-05-11 10:50:11'),
(36, 1, 6, 136, 'Металургія', '2023-05-11 10:50:11', '2023-05-11 10:50:11'),
(37, 1, 5, 141, 'Електроенергетика, електротехніка та електромеханіка', '2023-05-11 10:50:11', '2023-05-11 10:50:11'),
(38, 1, 19, 141, 'Електроенергетика, електротехніка та електромеханіка', '2023-05-11 10:50:11', '2023-05-11 10:50:11'),
(39, 1, 4, 142, 'Енергетичне машинобудування', '2023-05-11 10:50:11', '2023-05-11 10:50:11'),
(40, 1, 4, 143, 'Атомна енергетика', '2023-05-11 10:57:48', '2023-05-11 10:57:48'),
(41, 1, 4, 144, 'Теплоенергетика', '2023-05-11 10:57:48', '2023-05-11 10:57:48'),
(42, 1, 14, 161, 'Хімічні технології та інженерія', '2023-05-11 10:57:48', '2023-05-11 10:57:48'),
(43, 1, 27, 161, 'Хімічні технології та інженерія', '2023-05-11 10:57:48', '2023-05-11 10:57:48'),
(44, 1, 18, 162, 'Біотехнології та біоінженерія', '2023-05-11 10:57:48', '2023-05-11 10:57:48'),
(45, 1, 17, 163, 'Біомедична інженерія', '2023-05-11 10:57:48', '2023-05-11 10:57:48'),
(46, 1, 20, 171, 'Електроніка', '2023-05-11 10:57:48', '2023-05-11 10:57:48'),
(47, 1, 1, 172, 'Електронні комунікації та радіотехніка', '2023-05-11 10:57:48', '2023-05-11 10:57:48'),
(48, 1, 8, 172, 'Електронні комунікації та радіотехніка', '2023-05-11 10:57:48', '2023-05-11 10:57:48'),
(49, 1, 16, 172, 'Електронні комунікації та радіотехніка', '2023-05-11 10:57:48', '2023-05-11 10:57:48'),
(50, 1, 20, 172, 'Електронні комунікації та радіотехніка', '2023-05-11 10:57:48', '2023-05-11 10:57:48'),
(51, 1, 3, 173, 'Авіоніка', '2023-05-11 10:57:48', '2023-05-11 10:57:48'),
(52, 1, 14, 174, 'Автоматизація, комп’ютерно-інтегровані технології та робототехніка', '2023-05-11 10:57:48', '2023-05-11 10:57:48'),
(53, 1, 4, 174, 'Автоматизація, комп’ютерно-інтегровані технології та робототехніка', '2023-05-11 10:57:48', '2023-05-11 10:57:48'),
(54, 1, 15, 174, 'Автоматизація, комп’ютерно-інтегровані технології та робототехніка', '2023-05-11 10:57:48', '2023-05-11 10:57:48'),
(55, 1, 15, 175, 'Інформаційно-вимірювальні технології', '2023-05-11 10:57:48', '2023-05-11 10:57:48'),
(56, 1, 20, 176, 'Мікро- та наносистемна техніка', '2023-05-11 10:57:48', '2023-05-11 10:57:48'),
(57, 1, 5, 184, 'Гірництво', '2023-05-11 10:57:48', '2023-05-11 10:57:48'),
(58, 1, 2, 186, 'Видавництво та поліграфія', '2023-05-11 10:57:48', '2023-05-11 10:57:48'),
(59, 1, 17, 227, 'Терапія та реабілітація', '2023-05-11 10:57:48', '2023-05-11 10:57:48'),
(60, 1, 24, 231, 'Соціальна робота', '2023-05-11 10:57:48', '2023-05-11 10:57:48'),
(61, 1, 24, 281, 'Публічне управління та адміністрування', '2023-05-11 10:57:48', '2023-05-11 10:57:48');

-- --------------------------------------------------------

--
-- Структура таблиці `students`
--

CREATE TABLE `students` (
  `id` bigint(20) UNSIGNED NOT NULL,
  `user_id` bigint(20) UNSIGNED NOT NULL,
  `group_id` bigint(20) UNSIGNED NOT NULL,
  `firstname` varchar(255) COLLATE utf8mb4_unicode_ci NOT NULL,
  `middlename` varchar(255) COLLATE utf8mb4_unicode_ci NOT NULL,
  `lastname` varchar(255) COLLATE utf8mb4_unicode_ci NOT NULL,
  `image` varchar(255) COLLATE utf8mb4_unicode_ci NOT NULL,
  `birth` date NOT NULL,
  `sex` enum('чоловіча','жіноча') COLLATE utf8mb4_unicode_ci NOT NULL,
  `entry_date` date NOT NULL,
  `graduation_date` date NOT NULL,
  `educational_degree` enum('бакалавр','магістр','аспірант') COLLATE utf8mb4_unicode_ci NOT NULL,
  `created_at` timestamp NULL DEFAULT NULL,
  `updated_at` timestamp NULL DEFAULT NULL
) ENGINE=InnoDB DEFAULT CHARSET=utf8mb4 COLLATE=utf8mb4_unicode_ci;

--
-- Дамп даних таблиці `students`
--

INSERT INTO `students` (`id`, `user_id`, `group_id`, `firstname`, `middlename`, `lastname`, `image`, `birth`, `sex`, `entry_date`, `graduation_date`, `educational_degree`, `created_at`, `updated_at`) VALUES
(1, 1, 1, 'Максим', 'Миколайович', 'Гришкевич', 'student1.jpg', '2002-01-02', 'чоловіча', '2019-09-01', '2023-06-30', 'бакалавр', '2023-05-11 11:05:16', '2023-05-11 11:05:16'),
(2, 6, 3, 'Payton', 'Anderson', 'Champlin', 'student2.jpg', '1976-05-13', 'чоловіча', '1979-02-18', '1975-10-08', 'бакалавр', '2023-05-16 20:19:44', '2023-05-16 20:19:44'),
(4, 7, 7, 'Remington', 'West', 'Gerlach', 'student3.jpg', '1972-07-24', 'чоловіча', '1995-09-21', '2013-07-12', 'аспірант', '2023-05-16 20:21:07', '2023-05-16 20:21:07'),
(5, 8, 2, 'Sarai', 'Glover', 'Towne', 'student4.jpg', '1973-01-22', 'жіноча', '1973-08-25', '2019-11-01', 'магістр', '2023-05-16 20:21:07', '2023-05-16 20:21:07'),
(6, 4, 1, 'Darrell', 'Leuschke', 'Kshlerin', 'student5.jpg', '1981-12-05', 'чоловіча', '1997-02-20', '1992-03-21', 'бакалавр', '2023-05-16 20:21:07', '2023-05-16 20:21:07'),
(7, 9, 2, 'Willard', 'Weber', 'Halvorson', 'student6.jpg', '1993-10-23', 'чоловіча', '1984-08-09', '2017-11-03', 'бакалавр', '2023-05-16 20:21:07', '2023-05-16 20:21:07'),
(10, 5, 5, 'Roma', 'Marquardt', 'Stamm', 'student7.jpg', '1992-08-06', 'чоловіча', '1979-03-23', '2014-10-01', 'аспірант', '2023-05-16 20:22:25', '2023-05-16 20:22:25'),
(12, 10, 4, 'Hilton', 'Grant', 'Murphy', 'student8.jpeg', '1975-12-14', 'чоловіча', '1999-09-07', '2003-05-10', 'магістр', '2023-05-16 20:22:26', '2023-05-16 20:22:26'),
(16, 3, 9, 'Ruben', 'Marquardt', 'Kling', 'student9.jpeg', '1988-03-27', 'чоловіча', '1980-12-06', '2021-06-27', 'бакалавр', '2023-05-16 20:22:52', '2023-05-16 20:22:52'),
(24, 43, 3, 'thrthh', 'rthr', 'rtty', 'student10.jpeg', '2000-06-06', 'жіноча', '2017-09-01', '2021-06-30', 'магістр', '2023-05-24 09:46:04', '2023-05-24 09:46:04'),
(26, 45, 1, 'efwef', 'ewfwef', 'wefedrfgv', 'Rm1VBqj3CwLqphXCpfrsZ1fm1eUgoWMGcAC0w0Zi.png', '2002-06-06', 'чоловіча', '2020-09-10', '2024-06-30', 'бакалавр', '2023-05-29 04:26:05', '2023-05-29 04:26:05'),
(27, 48, 7, 'Mucha', 'Chos', 'Muchos', 'XA7m0OhuAFL27Spl2o1XuGzCnv4pfau3IdAY8Bik.png', '2002-02-02', 'чоловіча', '2020-09-10', '2022-01-30', 'магістр', '2023-05-29 07:54:11', '2023-05-29 07:54:11');

-- --------------------------------------------------------

--
-- Структура таблиці `subjects`
--

CREATE TABLE `subjects` (
  `id` bigint(20) UNSIGNED NOT NULL,
  `name` varchar(255) COLLATE utf8mb4_unicode_ci NOT NULL,
  `created_at` timestamp NULL DEFAULT NULL,
  `updated_at` timestamp NULL DEFAULT NULL
) ENGINE=InnoDB DEFAULT CHARSET=utf8mb4 COLLATE=utf8mb4_unicode_ci;

--
-- Дамп даних таблиці `subjects`
--

INSERT INTO `subjects` (`id`, `name`, `created_at`, `updated_at`) VALUES
(1, 'Комп\'ютерна дискретна математика', '2023-05-12 17:43:49', '2023-05-12 17:43:49'),
(2, 'Математичний аналіз', '2023-05-12 17:43:49', '2023-05-12 17:43:49'),
(3, 'Комп\'ютерні технології графічного дизайну', '2023-05-12 17:43:49', '2023-05-12 17:43:49'),
(4, 'Лінійна алгебра та аналітична геометрія', '2023-05-12 17:43:49', '2023-05-12 17:43:49'),
(5, 'Основи програмування', '2023-05-12 17:43:49', '2023-05-12 17:43:49'),
(6, 'Архітектура комп\'ютера', '2023-05-12 17:43:49', '2023-05-12 17:43:49'),
(7, 'Іноземна мова (англійська)', '2023-05-12 17:43:49', '2023-05-12 17:43:49'),
(8, 'Верстка макетів', '2023-05-12 17:43:49', '2023-05-12 17:43:49'),
(9, 'Культура мови та ділове мовлення', '2023-05-12 17:43:49', '2023-05-12 17:43:49'),
(10, 'Фізичне виховання', '2023-05-12 17:43:49', '2023-05-12 17:43:49'),
(11, 'Бази даних', '2023-05-12 17:43:49', '2023-05-12 17:43:49'),
(12, 'Компоненти програмної інженерії', '2023-05-12 17:43:49', '2023-05-12 17:43:49'),
(13, 'Об\'єктно-орієнтований аналіз та конструювання програмних систем', '2023-05-12 17:43:49', '2023-05-12 17:43:49'),
(14, 'Екологічні проблеми', '2023-05-12 17:43:49', '2023-05-12 17:43:49'),
(15, 'Технології конструювання програмного забезпечення', '2023-05-12 17:43:49', '2023-05-12 17:43:49'),
(16, 'Теорія ймовірностей', '2023-05-12 17:43:49', '2023-05-12 17:43:49'),
(17, 'Фізика (вибрані розділи)', '2023-05-12 17:43:49', '2023-05-12 17:43:49'),
(18, 'Основи веб-програмування', '2023-05-12 17:43:49', '2023-05-12 17:43:49'),
(19, 'Компоненти програмної інженерії. Тестування ПЗ', '2023-05-12 17:43:49', '2023-05-12 17:43:49'),
(20, 'Архітектура системного програмного забезпечення', '2023-05-12 17:43:49', '2023-05-12 17:43:49'),
(21, 'Соціальна психологія', '2023-05-12 17:43:49', '2023-05-12 17:43:49'),
(22, 'Основи програмування скриптовими мовами', '2023-05-12 17:43:49', '2023-05-12 17:43:49'),
(23, 'Алгоритми та структури даних', '2023-05-12 17:43:49', '2023-05-12 17:43:49'),
(24, 'Logic', '2023-05-12 17:43:49', '2023-05-12 17:43:49'),
(25, 'Організація комп\'ютерних мереж', '2023-05-12 17:43:49', '2023-05-12 17:43:49'),
(26, 'Методології розробки інтелектуальних комп\'ютерних програм', '2023-05-12 17:43:49', '2023-05-12 17:43:49'),
(27, 'Теорія прийняття рішень', '2023-05-12 17:43:49', '2023-05-12 17:43:49'),
(28, 'Комп\'ютерне моделювання', '2023-05-12 17:43:49', '2023-05-12 17:43:49'),
(29, 'Основи розробки трансляторів', '2023-05-12 17:43:49', '2023-05-12 17:43:49'),
(30, 'Проектування кібер фізичних систем', '2023-05-12 17:43:49', '2023-05-12 17:43:49'),
(31, 'Екологічний захист і громадська безпека', '2023-05-12 17:43:49', '2023-05-12 17:43:49'),
(32, 'Права та свободи людини', '2023-05-12 17:43:49', '2023-05-12 17:43:49'),
(33, 'Безпека програмного забезпечення', '2023-05-12 17:43:49', '2023-05-12 17:43:49'),
(34, 'Програмне забезпечення мереж передачі даних', '2023-05-12 17:43:49', '2023-05-12 17:43:49'),
(35, 'Програмування паралельних та розподілених обчислень', '2023-05-12 17:43:49', '2023-05-12 17:43:49'),
(36, 'Фукціональне програмування', '2023-05-12 17:46:40', '2023-05-12 17:46:40'),
(37, 'Розробка програмного забезпечення мобільних пристроїв', '2023-05-12 17:46:40', '2023-05-12 17:46:40'),
(38, 'Машине навчання', '2023-05-12 17:46:40', '2023-05-12 17:46:40'),
(39, 'Постреляційні бази даних', '2023-05-12 17:46:40', '2023-05-12 17:46:40'),
(40, 'Системи керування версіями', '2023-05-12 17:46:40', '2023-05-12 17:46:40'),
(41, 'Сучасні методи прийняття рішень', '2023-05-12 17:46:40', '2023-05-12 17:46:40'),
(42, 'Сховища даних для бізнес-аналітики', '2023-05-12 17:46:40', '2023-05-12 17:46:40'),
(43, 'Основи інженерії даних', '2023-05-12 17:48:31', '2023-05-12 17:48:31'),
(44, 'Крос-платформне програмування', '2023-05-12 17:48:31', '2023-05-12 17:48:31'),
(45, 'Проектування і розробка Smart систем', '2023-05-12 17:48:31', '2023-05-12 17:48:31'),
(46, 'Проектування геоінформаційних систем', '2023-05-12 17:48:31', '2023-05-12 17:48:31'),
(47, 'Компоненти програмної інженерії. Архітектура програмного забезпечення', '2023-05-12 18:04:47', '2023-05-12 18:04:47'),
(48, 'Економіка ІТ-індустрії', '2023-05-12 18:11:54', '2023-05-12 18:11:54');

-- --------------------------------------------------------

--
-- Структура таблиці `universities`
--

CREATE TABLE `universities` (
  `id` bigint(20) UNSIGNED NOT NULL,
  `name` varchar(255) COLLATE utf8mb4_unicode_ci NOT NULL,
  `created_at` timestamp NULL DEFAULT NULL,
  `updated_at` timestamp NULL DEFAULT NULL
) ENGINE=InnoDB DEFAULT CHARSET=utf8mb4 COLLATE=utf8mb4_unicode_ci;

--
-- Дамп даних таблиці `universities`
--

INSERT INTO `universities` (`id`, `name`, `created_at`, `updated_at`) VALUES
(1, 'КПІ ім. І. Сікорського', NULL, NULL),
(3, 'КНТЕУ', '2023-05-24 17:56:54', '2023-05-24 17:56:54'),
(4, 'НАУ', '2023-05-25 22:00:31', '2023-05-25 22:00:31'),
(5, 'КНУ ім. Тараса Шевченка', '2023-05-25 22:01:32', '2023-05-25 22:01:32');

-- --------------------------------------------------------

--
-- Структура таблиці `users`
--

CREATE TABLE `users` (
  `id` bigint(20) UNSIGNED NOT NULL,
  `name` varchar(255) COLLATE utf8mb4_unicode_ci NOT NULL,
  `email` varchar(255) COLLATE utf8mb4_unicode_ci NOT NULL,
  `email_verified_at` timestamp NULL DEFAULT NULL,
  `password` varchar(255) COLLATE utf8mb4_unicode_ci NOT NULL,
  `remember_token` varchar(100) COLLATE utf8mb4_unicode_ci DEFAULT NULL,
  `created_at` timestamp NULL DEFAULT NULL,
  `updated_at` timestamp NULL DEFAULT NULL
) ENGINE=InnoDB DEFAULT CHARSET=utf8mb4 COLLATE=utf8mb4_unicode_ci;

--
-- Дамп даних таблиці `users`
--

INSERT INTO `users` (`id`, `name`, `email`, `email_verified_at`, `password`, `remember_token`, `created_at`, `updated_at`) VALUES
(1, 'Maksym', 'maksim2002gri@gmail.com', NULL, '$2y$10$t873zGurbXPmxsoo.RZc5OhqPBVp3gXw39ouPcZm0vAWK07J2pnam', 'rnrOYaaZzBPXTlsktLbE7wS0lT6KyLvJwjDUf9MN4Xezu4uk7T1AjC3dLRmz', '2023-05-06 12:36:13', '2023-05-06 12:36:13'),
(3, 'John Doe', 'johndoe@example.com', '2023-05-16 20:04:13', '$2y$10$vl33HuosVFKKG1igdbPfLuOZdsb3tPT.b5j54pOAE4nA28c0qbpQi', 'rPV7OqysxG', '2023-05-16 20:04:13', '2023-05-16 20:04:13'),
(4, 'Liliane Hand', 'briana.ohara@example.net', '2023-05-16 20:04:13', '$2y$10$92IXUNpkjO0rOQ5byMi.Ye4oKoEa3Ro9llC/.og/at2.uheWG/igi', 'qYvq8V1pCM5A1ppGMQ6mvL1KhPtg10ozBMB5SXvGnfD55Cv59fVjl4OVWvBY', '2023-05-16 20:04:13', '2023-05-16 20:04:13'),
(5, 'Prof. Zane King', 'pacocha.carmen@example.org', '2023-05-16 20:04:13', '$2y$10$92IXUNpkjO0rOQ5byMi.Ye4oKoEa3Ro9llC/.og/at2.uheWG/igi', 'HRsrxrbpfO', '2023-05-16 20:04:13', '2023-05-16 20:04:13'),
(6, 'Pat Parker', 'champlin.madelynn@example.com', '2023-05-16 20:04:13', '$2y$10$92IXUNpkjO0rOQ5byMi.Ye4oKoEa3Ro9llC/.og/at2.uheWG/igi', 'QpZ2zxrRXS', '2023-05-16 20:04:13', '2023-05-16 20:04:13'),
(7, 'Elias Buckridge', 'laurence.bosco@example.com', '2023-05-16 20:04:13', '$2y$10$92IXUNpkjO0rOQ5byMi.Ye4oKoEa3Ro9llC/.og/at2.uheWG/igi', 'QKfcsvNGAB', '2023-05-16 20:04:13', '2023-05-16 20:04:13'),
(8, 'Clovis Moen', 'cynthia.gutkowski@example.org', '2023-05-16 20:04:13', '$2y$10$92IXUNpkjO0rOQ5byMi.Ye4oKoEa3Ro9llC/.og/at2.uheWG/igi', 'gpXG3UIigR', '2023-05-16 20:04:13', '2023-05-16 20:04:13'),
(9, 'Celia Medhurst', 'mante.marilie@example.net', '2023-05-16 20:04:13', '$2y$10$92IXUNpkjO0rOQ5byMi.Ye4oKoEa3Ro9llC/.og/at2.uheWG/igi', 'xVXsCNJgaQ', '2023-05-16 20:04:13', '2023-05-16 20:04:13'),
(10, 'Selina Harris', 'qmorar@example.net', '2023-05-16 20:04:13', '$2y$10$92IXUNpkjO0rOQ5byMi.Ye4oKoEa3Ro9llC/.og/at2.uheWG/igi', 'qAQ7sgSj4k', '2023-05-16 20:04:13', '2023-05-16 20:04:13'),
(41, 'dfsgh', 'dfghjkhgf@rgftg.tyh', '2023-05-21 10:51:04', '$2y$10$HJofhJhBbQKK.q37j1WqqecPPSHs1Ofm6Ni4iQV5BXl0xW/1kKj4G', 'Kcu1gxDw0y', '2023-05-21 10:51:04', '2023-05-21 10:51:04'),
(42, 'etrtbtbe', 'valeriia.kg@gmail.com', '2023-05-21 12:20:16', '$2y$10$ALnCqD3nld2VrOBKfXp0m.TcJ/yvVwKYViqW6fM.qLMUGmzT7HPn2', 'YmcY1kLz5L', '2023-05-21 12:20:16', '2023-05-21 12:20:16'),
(43, 'etrtbtbe', 'efergrtg@erg.erg', '2023-05-24 09:46:04', '$2y$10$/ePBmiHwRJEPv.qqDL8u7Oq0T8.uv3f7s77x4GtJ1li2xyjvin6km', 'i1f01JMTJi', '2023-05-24 09:46:04', '2023-05-24 09:46:04'),
(44, 'qwerrthrth', 'asfrdgrtg@wrerg.efg', '2023-05-29 04:14:33', '$2y$10$Yo3i9Nr1Y9n/UlV63T1qGemssCKZ1CsahViTgvqqCCNgC7P9YlDYO', '58hMdz9dnJ', '2023-05-29 04:14:33', '2023-05-29 04:14:33'),
(45, 'dfsgh', 'wefwerf@wre.ref', '2023-05-29 04:26:05', '$2y$10$N676GBQVDIkJ4/gM7RBh8elKZsNrHkvk0I2zk29Vn/BUJHkmqswWW', 'RHH8knvd1Y', '2023-05-29 04:26:05', '2023-05-29 04:26:05'),
(48, 'Mucha', 'mexico@gmail.com', '2023-05-29 07:54:11', '$2y$10$m4pG39DXqX0Jlu5CSJIJH.fZf3bwFz2xcOXgfnB3jpy27fTb3BRmi', 'hkJAHCDL4G', '2023-05-29 07:54:11', '2023-05-29 07:54:11');

--
-- Індекси збережених таблиць
--

--
-- Індекси таблиці `admins`
--
ALTER TABLE `admins`
  ADD PRIMARY KEY (`id`),
  ADD UNIQUE KEY `admins_email_unique` (`email`);

--
-- Індекси таблиці `applications`
--
ALTER TABLE `applications`
  ADD PRIMARY KEY (`id`),
  ADD UNIQUE KEY `applications_email_unique` (`email`),
  ADD KEY `applications_group_id_foreign` (`group_id`);

--
-- Індекси таблиці `boosts`
--
ALTER TABLE `boosts`
  ADD PRIMARY KEY (`id`),
  ADD KEY `boosts_student_id_foreign` (`student_id`),
  ADD KEY `boosts_subject_id_foreign` (`subject_id`);

--
-- Індекси таблиці `experiences`
--
ALTER TABLE `experiences`
  ADD PRIMARY KEY (`id`),
  ADD UNIQUE KEY `experiences_user_id_unique` (`user_id`);

--
-- Індекси таблиці `faculties`
--
ALTER TABLE `faculties`
  ADD PRIMARY KEY (`id`),
  ADD KEY `faculties_university_id_foreign` (`university_id`);

--
-- Індекси таблиці `failed_jobs`
--
ALTER TABLE `failed_jobs`
  ADD PRIMARY KEY (`id`),
  ADD UNIQUE KEY `failed_jobs_uuid_unique` (`uuid`);

--
-- Індекси таблиці `groups`
--
ALTER TABLE `groups`
  ADD PRIMARY KEY (`id`),
  ADD KEY `groups_specialty_id_foreign` (`specialty_id`);

--
-- Індекси таблиці `marks`
--
ALTER TABLE `marks`
  ADD PRIMARY KEY (`id`),
  ADD KEY `marks_student_id_foreign` (`student_id`),
  ADD KEY `marks_subject_id_foreign` (`subject_id`);

--
-- Індекси таблиці `migrations`
--
ALTER TABLE `migrations`
  ADD PRIMARY KEY (`id`);

--
-- Індекси таблиці `password_resets`
--
ALTER TABLE `password_resets`
  ADD KEY `password_resets_email_index` (`email`);

--
-- Індекси таблиці `personal_access_tokens`
--
ALTER TABLE `personal_access_tokens`
  ADD PRIMARY KEY (`id`),
  ADD UNIQUE KEY `personal_access_tokens_token_unique` (`token`),
  ADD KEY `personal_access_tokens_tokenable_type_tokenable_id_index` (`tokenable_type`,`tokenable_id`);

--
-- Індекси таблиці `specialties`
--
ALTER TABLE `specialties`
  ADD PRIMARY KEY (`id`),
  ADD KEY `specialties_university_id_foreign` (`university_id`),
  ADD KEY `specialties_faculty_id_foreign` (`faculty_id`);

--
-- Індекси таблиці `students`
--
ALTER TABLE `students`
  ADD PRIMARY KEY (`id`),
  ADD UNIQUE KEY `students_user_id_unique` (`user_id`),
  ADD UNIQUE KEY `image` (`image`),
  ADD KEY `students_group_id_foreign` (`group_id`);

--
-- Індекси таблиці `subjects`
--
ALTER TABLE `subjects`
  ADD PRIMARY KEY (`id`);

--
-- Індекси таблиці `universities`
--
ALTER TABLE `universities`
  ADD PRIMARY KEY (`id`);

--
-- Індекси таблиці `users`
--
ALTER TABLE `users`
  ADD PRIMARY KEY (`id`),
  ADD UNIQUE KEY `users_email_unique` (`email`);

--
-- AUTO_INCREMENT для збережених таблиць
--

--
-- AUTO_INCREMENT для таблиці `admins`
--
ALTER TABLE `admins`
  MODIFY `id` bigint(20) UNSIGNED NOT NULL AUTO_INCREMENT, AUTO_INCREMENT=2;

--
-- AUTO_INCREMENT для таблиці `applications`
--
ALTER TABLE `applications`
  MODIFY `id` bigint(20) UNSIGNED NOT NULL AUTO_INCREMENT, AUTO_INCREMENT=7;

--
-- AUTO_INCREMENT для таблиці `boosts`
--
ALTER TABLE `boosts`
  MODIFY `id` bigint(20) UNSIGNED NOT NULL AUTO_INCREMENT, AUTO_INCREMENT=25;

--
-- AUTO_INCREMENT для таблиці `experiences`
--
ALTER TABLE `experiences`
  MODIFY `id` bigint(20) UNSIGNED NOT NULL AUTO_INCREMENT, AUTO_INCREMENT=47;

--
-- AUTO_INCREMENT для таблиці `faculties`
--
ALTER TABLE `faculties`
  MODIFY `id` bigint(20) UNSIGNED NOT NULL AUTO_INCREMENT, AUTO_INCREMENT=29;

--
-- AUTO_INCREMENT для таблиці `failed_jobs`
--
ALTER TABLE `failed_jobs`
  MODIFY `id` bigint(20) UNSIGNED NOT NULL AUTO_INCREMENT;

--
-- AUTO_INCREMENT для таблиці `groups`
--
ALTER TABLE `groups`
  MODIFY `id` bigint(20) UNSIGNED NOT NULL AUTO_INCREMENT, AUTO_INCREMENT=12;

--
-- AUTO_INCREMENT для таблиці `marks`
--
ALTER TABLE `marks`
  MODIFY `id` bigint(20) UNSIGNED NOT NULL AUTO_INCREMENT, AUTO_INCREMENT=457;

--
-- AUTO_INCREMENT для таблиці `migrations`
--
ALTER TABLE `migrations`
  MODIFY `id` int(10) UNSIGNED NOT NULL AUTO_INCREMENT, AUTO_INCREMENT=25;

--
-- AUTO_INCREMENT для таблиці `personal_access_tokens`
--
ALTER TABLE `personal_access_tokens`
  MODIFY `id` bigint(20) UNSIGNED NOT NULL AUTO_INCREMENT;

--
-- AUTO_INCREMENT для таблиці `specialties`
--
ALTER TABLE `specialties`
  MODIFY `id` bigint(20) UNSIGNED NOT NULL AUTO_INCREMENT, AUTO_INCREMENT=62;

--
-- AUTO_INCREMENT для таблиці `students`
--
ALTER TABLE `students`
  MODIFY `id` bigint(20) UNSIGNED NOT NULL AUTO_INCREMENT, AUTO_INCREMENT=28;

--
-- AUTO_INCREMENT для таблиці `subjects`
--
ALTER TABLE `subjects`
  MODIFY `id` bigint(20) UNSIGNED NOT NULL AUTO_INCREMENT, AUTO_INCREMENT=49;

--
-- AUTO_INCREMENT для таблиці `universities`
--
ALTER TABLE `universities`
  MODIFY `id` bigint(20) UNSIGNED NOT NULL AUTO_INCREMENT, AUTO_INCREMENT=6;

--
-- AUTO_INCREMENT для таблиці `users`
--
ALTER TABLE `users`
  MODIFY `id` bigint(20) UNSIGNED NOT NULL AUTO_INCREMENT, AUTO_INCREMENT=49;

--
-- Обмеження зовнішнього ключа збережених таблиць
--

--
-- Обмеження зовнішнього ключа таблиці `applications`
--
ALTER TABLE `applications`
  ADD CONSTRAINT `applications_group_id_foreign` FOREIGN KEY (`group_id`) REFERENCES `groups` (`id`) ON DELETE CASCADE ON UPDATE CASCADE;

--
-- Обмеження зовнішнього ключа таблиці `boosts`
--
ALTER TABLE `boosts`
  ADD CONSTRAINT `boosts_student_id_foreign` FOREIGN KEY (`student_id`) REFERENCES `students` (`id`) ON DELETE CASCADE ON UPDATE CASCADE,
  ADD CONSTRAINT `boosts_subject_id_foreign` FOREIGN KEY (`subject_id`) REFERENCES `subjects` (`id`) ON DELETE CASCADE ON UPDATE CASCADE;

--
-- Обмеження зовнішнього ключа таблиці `experiences`
--
ALTER TABLE `experiences`
  ADD CONSTRAINT `experiences_user_id_foreign` FOREIGN KEY (`user_id`) REFERENCES `users` (`id`) ON DELETE CASCADE ON UPDATE CASCADE;

--
-- Обмеження зовнішнього ключа таблиці `faculties`
--
ALTER TABLE `faculties`
  ADD CONSTRAINT `faculties_university_id_foreign` FOREIGN KEY (`university_id`) REFERENCES `universities` (`id`) ON DELETE CASCADE ON UPDATE CASCADE;

--
-- Обмеження зовнішнього ключа таблиці `groups`
--
ALTER TABLE `groups`
  ADD CONSTRAINT `groups_specialty_id_foreign` FOREIGN KEY (`specialty_id`) REFERENCES `specialties` (`id`) ON DELETE CASCADE ON UPDATE CASCADE;

--
-- Обмеження зовнішнього ключа таблиці `marks`
--
ALTER TABLE `marks`
  ADD CONSTRAINT `marks_student_id_foreign` FOREIGN KEY (`student_id`) REFERENCES `students` (`id`) ON DELETE CASCADE ON UPDATE CASCADE,
  ADD CONSTRAINT `marks_subject_id_foreign` FOREIGN KEY (`subject_id`) REFERENCES `subjects` (`id`) ON DELETE CASCADE ON UPDATE CASCADE;

--
-- Обмеження зовнішнього ключа таблиці `specialties`
--
ALTER TABLE `specialties`
  ADD CONSTRAINT `specialties_faculty_id_foreign` FOREIGN KEY (`faculty_id`) REFERENCES `faculties` (`id`) ON DELETE CASCADE ON UPDATE CASCADE,
  ADD CONSTRAINT `specialties_university_id_foreign` FOREIGN KEY (`university_id`) REFERENCES `universities` (`id`) ON DELETE CASCADE ON UPDATE CASCADE;

--
-- Обмеження зовнішнього ключа таблиці `students`
--
ALTER TABLE `students`
  ADD CONSTRAINT `students_group_id_foreign` FOREIGN KEY (`group_id`) REFERENCES `groups` (`id`) ON DELETE CASCADE ON UPDATE CASCADE,
  ADD CONSTRAINT `students_user_id_foreign` FOREIGN KEY (`user_id`) REFERENCES `users` (`id`) ON DELETE CASCADE ON UPDATE CASCADE;
COMMIT;

/*!40101 SET CHARACTER_SET_CLIENT=@OLD_CHARACTER_SET_CLIENT */;
/*!40101 SET CHARACTER_SET_RESULTS=@OLD_CHARACTER_SET_RESULTS */;
/*!40101 SET COLLATION_CONNECTION=@OLD_COLLATION_CONNECTION */;
